"BUASD11NM","pweight_x","pweight_y","pop11"
"",434732.074537882,276330.32289181,14892526
"Abercarn BUASD",321801.677877191,194782.519098524,5352
"Aberdare BUASD",300491.548501352,202153.659208901,30074
"Abergavenny BUASD",330089.573715368,214996.938234883,13533
"Abergele BUASD",294491.23822852,377609.835960421,9246
"Aberporth BUASD",225812.780966794,251304.930853244,1178
"Abersychan BUASD",326485.370859079,204298.194340362,7064
"Abertysswg BUASD",313124.117630784,205650.568867801,1462
"Aberystwyth BUASD",259028.10847716,281512.439988114,17870
"Abingdon BUASD",449534.181653214,197991.54680158,38436
"Accrington BUASD",376221.224211802,428350.424982747,35545
"Ackworth Moor Top BUASD",443589.026705688,416414.116341443,5419
"Addlestone BUASD",504918.512887867,164400.846780425,15399
"Adlington BUASD",360195.85072025,413648.904700099,9461
"Adwick le Street BUASD",453606.632530118,409034.658622597,19222
"Ainsworth BUASD",376651.06699777,410075.367683859,2923
"Aldershot BUASD",486879.327634519,150000.030660463,56896
"Aldridge BUASD",403802.265282414,301873.955953956,39229
"Alfreton BUASD",441798.230848392,354068.240305674,23594
"Alsager BUASD",379624.369361639,355563.72996268,13404
"Alsagers Bank BUASD",380082.19292064,348991.361509751,2510
"Altrincham BUASD",377384.524187288,388557.106485884,52378
"Alverstone Garden Village BUASD",456916.275880926,85129.5947306072,1158
"Amersham BUASD",497445.644762667,198085.5136838,23793
"Ammanford BUASD",263178.203230905,212185.94891031,7586
"Andover BUASD",436016.659426834,145994.677809784,41502
"Anna Valley BUASD",434631.052405257,143867.877283636,1531
"Arborfield Garrison BUASD",476407.928099389,165935.155743475,4249
"Armthorpe BUASD",462648.529720313,404777.889885404,14796
"Arnold BUASD",458911.376798169,345177.300551345,35911
"Ashford (Ashford) BUASD",600790.856586719,142336.887624566,69411
"Ashford (Spelthorne) BUASD",507460.762657155,171170.618607489,28969
"Ashley BUASD",375450.146981578,336134.409579844,1375
"Ashtead BUASD",518254.888544193,158293.326130674,14169
"Ashton-in-Makerfield BUASD",357412.667489003,399805.884109211,28022
"Ashton-under-Lyne BUASD",394003.541163327,399828.983482335,45556
"Ashurst BUASD",433161.565594429,111262.706124412,2689
"Aslockton BUASD",473860.88639541,339765.620392645,2768
"Atherstone BUASD",431177.835113168,297667.192525666,11003
"Atherton BUASD",366385.480346339,401534.177061843,70719
"Audley BUASD",379685.115414592,350703.391713368,2883
"Awsworth BUASD",448024.85022634,344004.787664294,2204
"Aylesbury BUASD",482038.353345343,213528.458712241,71977
"Backwell BUASD",348368.572321256,168526.936010953,4460
"Bacup BUASD",386612.590510509,422417.951730174,13323
"Badsey BUASD",407040.963150086,243333.946360145,2748
"Badshot Lea BUASD",486396.048004687,148569.910516066,1582
"Baildon BUASD",415295.085032399,439181.350112994,15944
"Balderton BUASD",482501.140106923,350683.129583951,2190
"Baldock BUASD",524744.509487787,233584.34009527,10280
"Bamber Bridge BUASD",355460.726297104,425958.670139726,66483
"Banbury BUASD",445051.672784347,240729.979367633,46853
"Bangor BUASD",257554.837995443,371704.347450452,17575
"Banstead BUASD",525346.044824828,159429.330126238,13740
"Bardsey BUASD",436532.804125922,443189.980842886,1843
"Bargod BUASD",315111.468531075,199587.000900239,11900
"Barking and Dagenham BUASD",547601.103631614,185272.428637123,185911
"Barlby BUASD",463335.362132464,434279.646483582,2884
"Barnby Dun BUASD",462085.925982063,409172.245617786,2579
"Barnet BUASD",524437.989497747,191536.877000386,360018
"Barnsley BUASD",434490.232593201,407603.046746099,91347
"Barnt Green BUASD",399939.875934532,273897.671156636,4502
"Barrow Hill BUASD",441611.944181311,375520.047055478,1465
"Barrow upon Soar BUASD",457901.129388928,317518.876839446,6534
"Barrowford BUASD",385905.970967376,439754.218625525,5382
"Bartley BUASD",430514.772346992,113206.213194025,1528
"Basildon BUASD",570786.709437514,188827.29711438,107716
"Basingstoke BUASD",462869.148165282,151950.195314185,106204
"Batley BUASD",424564.388551989,425645.545830484,79001
"Bawtry BUASD",465180.377896808,393584.599401451,4109
"Bearpark BUASD",423550.664259553,543339.788370867,1600
"Bebington BUASD",333796.24321816,382887.454391443,57946
"Beddau BUASD",306190.611464694,184771.253309331,7703
"Bedford BUASD",505692.564725445,250225.104892076,89735
"Bedmond BUASD",509736.797919701,203742.309222939,1510
"Bedworth BUASD",435230.147795966,286776.017333225,30052
"Beeston (Broxtowe) BUASD",451680.322361628,336390.909836079,53720
"Beeston Regis BUASD",616913.623021984,342400.102275483,1062
"Bembridge BUASD",464836.046092731,87855.7121395245,3688
"Bentley BUASD",456012.441305056,405519.606694929,26343
"Berkhamsted BUASD",498617.052828335,208059.210636643,20828
"Berry Hill BUASD",357491.018357093,212781.03329091,3172
"Betchworth BUASD",521271.117996575,150403.89996589,1614
"Bethesda BUASD",262548.872561681,366928.492931428,4735
"Betley BUASD",375403.245050682,348634.289462313,1254
"Bexhill BUASD",573708.545866429,108185.247080927,43107
"Bexley BUASD",549564.539400491,175272.247513362,285557
"Bicester BUASD",458390.990410038,223185.807393416,32335
"Bicknacre BUASD",578635.547882867,202401.676546152,2270
"Bideford BUASD",245212.86224254,126478.803603465,18771
"Bidford-on-Avon BUASD",409844.099500027,252167.20409238,5505
"Biggin Hill BUASD",541487.110576105,157072.484743298,1863
"Bignall End BUASD",380860.637098294,350613.853149691,3044
"Billericay BUASD",567760.074471093,194915.940971202,34361
"Billingborough BUASD",511487.664729336,334205.262699113,2633
"Billingham BUASD",445927.438004116,524306.946060444,36216
"Billington BUASD",372304.470928405,435526.471303447,1060
"Bilston BUASD",395212.863934459,296322.560258756,28081
"Bingley BUASD",411330.555092755,439169.742572655,22407
"Binley Woods BUASD",439615.93020461,277289.197776679,2665
"Birdwell BUASD",434461.736382051,401068.29708682,5360
"Birkenhead BUASD",329115.489032826,388244.135905026,143096
"Birmingham BUASD",408001.88653597,285849.583959891,1080960
"Birstall BUASD",459213.102569841,309479.575094265,12521
"Bishop's Cleeve BUASD",395903.833665416,227493.488414685,12693
"Bishop Auckland BUASD",420127.795129468,528242.896841316,24681
"Blackburn BUASD",368186.247421561,427960.619297506,119004
"Blackhall Colliery BUASD",445984.824597483,539200.400906088,4937
"Blackheath BUASD",397328.210806854,286721.761573468,8539
"Blackpool BUASD",332034.290050028,436383.089239686,146537
"Blackrod BUASD",361692.67561208,410617.277761924,3794
"Blackwater BUASD",484295.427254049,160218.245975058,7195
"Blackwell BUASD",399050.85505353,272356.228371061,1100
"Blackwood BUASD",317062.035567709,197506.444293563,24896
"Blaengwrach BUASD",286993.939834012,205559.299315671,1989
"Blaina BUASD",320219.508917806,208052.658524802,4808
"Blaydon BUASD",418032.717817584,562520.765089645,13896
"Bletchley BUASD",486396.804373181,233522.26166111,37342
"Blofield BUASD",633400.311277961,309643.539644017,1323
"Bloxwich BUASD",400145.341211226,301744.317944909,47105
"Blunsdon St Andrew BUASD",413863.529691124,189594.665471695,1655
"Bodicote BUASD",446289.925400334,237744.829621262,2126
"Bolingey BUASD",176117.121369065,52551.2241902725,1292
"Bollington BUASD",393076.060963071,377449.971421246,7593
"Bolton BUASD",371552.170238413,409161.860830565,194249
"Bolton Upon Dearne BUASD",445190.228998038,402724.599891928,7460
"Bootle BUASD",334906.368523866,397250.677351994,53496
"Bordon BUASD",479912.632197979,135249.262646817,16050
"Borehamwood BUASD",519532.82822312,196963.163313406,35348
"Borough Green BUASD",561385.736544433,157267.60501371,5351
"Boroughbridge BUASD",439470.365026729,466751.106510369,4602
"Borrowash BUASD",442204.457615413,334898.991667456,7335
"Boston Spa BUASD",442591.613333148,445437.83496999,4336
"Bottom Boat BUASD",435778.304640732,424932.484270092,1435
"Bournemouth BUASD",409739.089648277,93415.8536226585,187642
"Bournmoor BUASD",431141.300942724,551155.56872486,1481
"Bovingdon BUASD",501318.118857413,203419.219531582,5801
"Bowness-on-Windermere BUASD",340410.408349486,496663.710215949,1975
"Box BUASD",382649.040324676,168589.663990479,2817
"Boxted BUASD",599653.447843669,231565.422559784,2079
"Bracknell BUASD",487031.394985185,168570.073386091,78129
"Bradford BUASD",415616.101791627,432595.457037184,353358
"Bradley BUASD",332499.487810173,353977.083716975,1390
"Braintree BUASD",576306.119032676,223311.054900404,42363
"Bramford BUASD",612419.462997864,246656.544048951,2715
"Bramhall BUASD",389307.574042252,385649.530969286,18344
"Bramley BUASD",501398.138904147,145033.95430563,5010
"Braunton BUASD",248620.071624208,136669.384136639,8128
"Brayton BUASD",459936.732937408,430590.981767576,2877
"Breadsall BUASD",437052.527684366,340241.270694371,1795
"Breaston BUASD",445386.852424511,333544.088651013,7545
"Brent BUASD",520719.088578991,185531.887420243,311215
"Bridgend BUASD",290628.6745115,180247.853302455,47991
"Bridgnorth BUASD",371464.013041759,293153.688737997,12079
"Bridlington BUASD",517972.663850491,467685.714488074,35598
"Brierfield BUASD",385067.29414716,436265.357696712,10153
"Brierley Hill BUASD",391790.797525351,286313.003492972,30204
"Brighouse BUASD",414012.600498978,423351.528672164,32694
"Brighton and Hove BUASD",530587.611701665,105749.20171241,230697
"Brightwell-cum-Sotwell BUASD",458255.470573775,190988.642009761,1223
"Brinscall BUASD",362527.056330514,421574.957231378,1388
"Brinsley BUASD",446672.334964475,350227.137065682,5280
"Bristol BUASD",360625.674941698,173731.666671788,536530
"Briston BUASD",606029.121901366,332626.303488588,2439
"Broad Blunsdon BUASD",415096.340240964,190783.86112136,1644
"Broad Oak (Canterbury) BUASD",617182.142985688,161304.066081922,1271
"Broad Oak (Rother) BUASD",582593.242404686,119908.031482965,1526
"Broadbottom BUASD",399034.054639072,393988.61040047,1645
"Broadbridge Heath BUASD",514814.259471164,131330.525174838,3112
"Broadmayne BUASD",373009.702527267,86870.835825993,1870
"Broadstairs BUASD",638733.496200866,168110.346470205,22756
"Bromley BUASD",541323.105654469,167824.3481213,307804
"Bromsgrove BUASD",395955.032090637,270352.986713161,33576
"Brookwood BUASD",495527.798231982,157126.547258849,2565
"Broomhall/Windlesham/Virginia Water BUASD",495694.799880779,167002.647514453,24146
"Broseley BUASD",367592.091224632,301842.585885966,5609
"Brough BUASD",494825.871541558,427019.644161891,12472
"Brownhills BUASD",404964.951417322,304535.426458542,20307
"Brundall BUASD",632433.988284275,308514.719959458,4649
"Brynamman BUASD",271036.485123518,213793.210942129,2754
"Brynmawr BUASD",318876.761235335,211888.552638399,5530
"Brynsadler BUASD",303039.493706734,180723.828397363,1593
"Buckfastleigh BUASD",273620.3441983,66017.9458619065,3029
"Buckley BUASD",327268.554938057,364081.951341499,19909
"Bude BUASD",221292.226637749,105995.242331009,5091
"Bugle BUASD",201628.218852399,59016.001870478,1870
"Bulkington BUASD",439054.624759131,286938.465636171,6146
"Burley BUASD",420981.960077983,103067.387653466,1384
"Burley in Wharfedale BUASD",416455.403923856,446067.080320033,7577
"Burnham-on-Crouch BUASD",594962.295945464,196438.585274393,7671
"Burnham-on-Sea BUASD",330990.766576268,149265.798851582,21745
"Burnley BUASD",383489.627802306,433141.734507018,83022
"Burntwood BUASD",405269.345770989,309203.977633204,28296
"Burry Port BUASD",244537.034013309,201177.393097087,6517
"Burscough BUASD",344292.594256923,411615.832989669,9182
"Bursledon BUASD",448100.861756026,110153.145654218,6188
"Burton Latimer BUASD",489854.459723848,274712.499800182,7449
"Burton upon Trent BUASD",424845.315180103,323458.089740222,72364
"Bury BUASD",380070.765565022,410889.269912989,74765
"Bury St Edmunds BUASD",585288.062773123,264390.415754189,41113
"Bushey BUASD",513619.04257703,195551.929433456,25763
"Byram BUASD",448626.989290707,425740.282628304,1866
"Caernarfon BUASD",248618.019668605,362698.879663181,9615
"Caerphilly BUASD",315536.225341301,187760.561853812,40189
"Caldecote BUASD",535192.623224273,258382.374471556,2478
"Callington BUASD",236176.003519086,69489.4988612833,3770
"Camberley BUASD",488234.220420333,160311.101068355,37471
"Camblesforth BUASD",465054.645785201,425943.072992408,2753
"Camborne BUASD",165270.437190016,40283.4112051136,22596
"Cambridge BUASD",546266.467970884,258379.408199223,146039
"Camden BUASD",527994.983860612,184257.150652741,220338
"Cannock BUASD",399224.306438277,311445.201542837,68878
"Canterbury BUASD",614738.54714678,158258.569310366,55446
"Cardiff BUASD",317858.17250591,178645.425851582,334612
"Cardigan BUASD",218154.220699469,246470.216963699,4184
"Carharrack BUASD",173274.353002571,41546.4306552981,1348
"Carlisle BUASD",340045.165633845,555329.114722567,76007
"Carlton (Gedling) BUASD",460878.796471046,341972.078143598,48959
"Carlton (Suffolk Coastal) BUASD",638705.270030653,264786.167999081,1269
"Carnforth BUASD",349762.474411263,470217.450271885,5560
"Carnon Downs BUASD",179501.005866474,40193.9887476964,2049
"Carr Hall BUASD",385070.912198889,438380.526955575,1461
"Carterton BUASD",428116.480420112,207259.086087297,15769
"Castleford BUASD",443647.960755635,425111.223754987,40150
"Catcliffe BUASD",442218.034090888,388602.402942513,1826
"Caterham BUASD",533286.454931096,155917.187746321,22825
"Catsfield BUASD",572075.422359666,113751.319206094,1288
"Catshill BUASD",396729.701271984,273855.699841842,10416
"Catterall BUASD",349640.008417325,442917.924164454,2594
"Cawston BUASD",447359.622751236,273623.352201112,1872
"Cefn-mawr BUASD",328246.201673162,342735.830614996,7051
"Chadderton BUASD",390181.447867021,404887.439311715,34490
"Chadwell St Mary BUASD",564698.12829269,179046.834009388,9865
"Chalfont St Giles BUASD",498819.556921414,193229.71584046,5646
"Chalford BUASD",389154.005176301,203328.36858255,6509
"Charlton Adam BUASD",353386.364730806,128536.343969971,1376
"Charnock Richard BUASD",355898.131354291,415411.706987374,1412
"Chatham BUASD",576303.79338074,164956.159005246,75315
"Cheadle BUASD",386590.575086964,388251.07483864,12934
"Cheadle Hulme BUASD",387315.096213363,386033.990778822,22960
"Chelmsford BUASD",571186.2929327,206942.316472263,110655
"Chepstow BUASD",353176.529828131,193015.0683278,12350
"Cherry Willingham BUASD",503029.59909254,372524.729984092,3188
"Chertsey BUASD",504137.758986642,166436.876077869,12065
"Chesham BUASD",496121.00622533,202283.79914272,21483
"Cheshunt BUASD",534740.612518092,203048.98624477,44803
"Chester-le-Street BUASD",427103.185078857,552900.922957309,37743
"Chester BUASD",340448.940376193,366820.639991467,86250
"Chesterfield BUASD",437965.225678556,371806.068728813,89140
"Cheswick Green BUASD",412857.481061866,275844.173689051,2631
"Chew Moor BUASD",366918.610956107,407486.743928981,1496
"Chichester BUASD",486305.867067264,105140.591653843,29023
"Chickerell BUASD",364752.92172833,80327.5561139736,4008
"Chigwell BUASD",544108.080856479,192439.930219423,10780
"Chipping Campden BUASD",415305.371599126,239253.031107162,1506
"Chipping Sodbury BUASD",372945.303826075,182108.271162996,4653
"Chivenor Airfield BUASD",250320.08090023,134835.701161004,2673
"Chobham BUASD",497456.571550374,162344.591304276,3799
"Choppington BUASD",425666.316478901,584479.508919923,1700
"Chorley BUASD",358329.05235921,417250.630817641,35581
"Chorleywood BUASD",503565.112375029,195648.104889796,13465
"Christchurch BUASD",418159.087110158,93689.3612138191,55209
"Church BUASD",374705.161211698,429056.081868064,3747
"Church Village BUASD",308259.011297883,185841.272287932,13910
"Churchill BUASD",345272.7770827,160305.753021249,2462
"Churt BUASD",485719.805510438,138313.49914752,1202
"Cinderford BUASD",365568.07214024,213397.551619458,12262
"Cirencester BUASD",402499.859749314,201598.511026839,17212
"City of London BUASD",532370.226223902,181565.914160996,7375
"City of Westminster BUASD",527149.447220124,181187.253148839,219396
"Clay Cross BUASD",439398.625909625,364248.552384986,13446
"Claydon BUASD",613266.707036759,249971.724881934,3062
"Clayton-le-Moors BUASD",374880.14862077,431038.067556519,10162
"Clayton West BUASD",425447.943603366,410763.796338839,4608
"Cleadon BUASD",438084.714582477,562085.434226351,4259
"Cleckheaton BUASD",418627.276154117,425463.911948068,11813
"Cleehill BUASD",359230.649005132,275011.181092862,1560
"Cleethorpes BUASD",530199.009427357,408094.554008809,38986
"Cleveleys BUASD",332089.190679012,443319.649887096,12815
"Clifford BUASD",442798.324110712,444299.633841865,1421
"Clifton (Central Bedfordshire) BUASD",516433.760382847,238931.337020813,2878
"Clifton (City of Nottingham) BUASD",455181.765972761,334367.459335071,22407
"Clutton BUASD",362282.719544014,159212.960193738,1157
"Coalville BUASD",443461.548612702,314597.905837784,32411
"Coalway BUASD",358832.419156996,211175.913238375,2683
"Coddington BUASD",482636.020193543,354691.997271233,2771
"Colchester BUASD",599545.73448582,224999.649735992,119859
"Cold Ash BUASD",450986.235697863,169961.138316333,3458
"Coldeast BUASD",281673.798256367,74859.2162021771,1289
"Coldfair Green BUASD",643629.634243378,261174.522794301,1449
"Coleford BUASD",357777.26689835,210437.198647283,5676
"Coleorton BUASD",440359.241250066,317444.515853856,1652
"Collett's Green BUASD",382105.689076602,251055.197346834,1441
"Collingham BUASD",438459.778957632,445877.907963203,3024
"Colne BUASD",389185.526594628,440230.883275817,19481
"Colney Heath BUASD",520828.846824454,205859.273855041,1478
"Colwyn Bay BUASD",285090.829096481,378939.280394055,29947
"Colyton BUASD",324530.67782774,93548.5571980763,3165
"Combe St Nicholas BUASD",330138.573645703,111264.396695157,2334
"Congresbury BUASD",343982.468538043,163641.440020118,3497
"Connah's Quay BUASD",328881.13989671,369151.329850701,16774
"Consett BUASD",410606.908333334,551172.286075375,23575
"Cookham BUASD",488402.282817705,184979.971216126,5437
"Copmanthorpe BUASD",456637.987012401,446928.540265704,4173
"Coppull BUASD",356359.103118612,414196.070449153,7959
"Copthorne BUASD",531671.360259685,139186.721767322,5092
"Corby BUASD",487620.461787043,288308.779959572,54927
"Corsham BUASD",386379.640329949,169940.068796793,13440
"Cosby BUASD",454729.982916724,295215.59513678,3159
"Coseley BUASD",393827.016108717,293434.285152874,24114
"Costessey BUASD",617105.831109121,311682.006624799,2998
"Cottingham BUASD",504446.779093145,432751.041841633,14893
"Coventry BUASD",433587.852339436,279795.891007903,324137
"Cowes BUASD",449018.497376669,95193.6251253346,14398
"Cradley BUASD",373193.630243361,247267.750492044,1388
"Craghead BUASD",421316.950823179,551004.218682083,1547
"Cramlington BUASD",426686.65328815,577075.970518792,27922
"Cranbrook BUASD",577555.790975327,135997.650146442,4131
"Cranleigh BUASD",506093.426026736,139257.543222794,10692
"Crawley BUASD",527003.339203995,136281.909988162,106597
"Crawley Down BUASD",534790.026157873,137757.360565233,5770
"Crewe BUASD",369796.115296547,355574.237191282,72717
"Crich BUASD",434863.873591517,354198.848142391,2401
"Cringleford BUASD",619526.498650137,305630.63741222,3407
"Crockenhill BUASD",550482.252211333,166919.557522072,1909
"Croeserw BUASD",286739.489414923,195283.512309308,1569
"Cromer BUASD",621991.404970034,341626.530363645,7683
"Cromford BUASD",429404.471896867,356715.353737673,1433
"Crosby BUASD",332276.906655783,399140.988325136,50307
"Cross Hills BUASD",400588.86107366,444579.649521664,7694
"Crowmarsh Gifford BUASD",462414.575863179,188680.079037713,2833
"Crowthorne BUASD",483613.480827203,164241.639485033,13505
"Croydon BUASD",532797.471039121,165348.118799377,346573
"Cudworth BUASD",439063.783344961,409497.463911812,12289
"Cullompton BUASD",301950.481093059,107306.747574503,7643
"Cwmbran BUASD",328723.436397547,195112.104909849,47053
"Cwmfelinfach BUASD",318652.663919882,191830.730538473,2367
"Cymmer BUASD",285858.139014105,196084.296277595,1256
"Danesfield BUASD",482063.651101276,185394.781037476,1523
"Darlaston BUASD",397703.498094904,296706.444056641,18732
"Dartmouth BUASD",287030.197626968,51385.6088251629,5605
"Darwen BUASD",369328.027943557,422286.435742353,28046
"Dedham BUASD",605957.529931212,232255.401027075,1549
"Deepcut BUASD",490805.061622742,157771.52185598,2477
"Deeside Industrial Park BUASD",333127.32730581,369031.447106058,2996
"Delph BUASD",398550.817809131,407834.597019522,2533
"Denby Bottles BUASD",437632.64141608,346493.437233628,1744
"Denstone BUASD",409752.453869121,340627.594758971,1351
"Denton BUASD",392155.301665019,395015.819672072,37031
"Derby BUASD",435573.097421724,334952.800539502,256566
"Desford BUASD",447867.374570161,303295.597580947,3433
"Dewsbury BUASD",424259.867848487,421221.267610744,63915
"Didcot BUASD",452567.873129859,190054.607235726,26302
"Dinas Powis BUASD",315776.78181907,171259.665929021,7799
"Diss BUASD",611598.46919794,280012.710798812,10022
"Distington BUASD",300359.112264786,523325.755139687,1566
"Ditton BUASD",570620.655756355,158466.145257002,26667
"Dodworth BUASD",431859.242868714,405110.591588579,5900
"Doncaster BUASD",458404.387537875,402620.420031681,109693
"Dorking BUASD",516784.214601201,148818.608742723,15971
"Dormansland BUASD",540458.883714529,142339.796857844,2230
"Droitwich BUASD",389496.770779527,262719.416159475,23504
"Droylsden BUASD",390208.961015232,398802.632376086,24490
"Drybrook BUASD",364621.632217115,217679.333187465,1824
"Duckmanton BUASD",444216.380303763,372424.83671012,1368
"Dudley (Dudley) BUASD",394264.73822203,288663.860289521,76457
"Dudley (North Tyneside) BUASD",426442.156622198,573675.150841657,5980
"Duffield BUASD",434180.872830889,343366.511902678,5046
"Dukinfield BUASD",394891.652374372,397460.672695999,20648
"Dunholme BUASD",502267.234415219,379231.141988337,2464
"Dunscroft BUASD",465287.272185696,409224.54866388,13380
"Dunstable BUASD",501727.509025141,221581.128197581,29507
"Dursley BUASD",375208.139694798,199152.847987292,14859
"Dyserth BUASD",305757.966907574,379228.029378545,2781
"Ealing BUASD",515996.257053505,181406.771040811,338449
"Earl Shilton BUASD",445596.032212442,297383.813217717,19069
"Easebourne BUASD",489038.85437479,122722.928493809,1358
"East Cowes BUASD",450668.735533443,95153.6357062672,6720
"East Goscote BUASD",464113.490773503,313459.735972448,2866
"East Grinstead BUASD",539202.760965135,138453.606723887,30312
"East Keswick BUASD",436128.528169601,444430.268892083,1468
"East Morton BUASD",409859.856800309,441988.599130281,1671
"East Tilbury BUASD",568093.755655099,178828.039245936,4636
"East Wittering BUASD",480366.462746203,96844.7410448729,6453
"Eastbourne BUASD",561121.016981541,101138.698720539,108903
"Eastleigh BUASD",445199.780815399,119787.596831406,77581
"Eastwood BUASD",447320.408293205,346524.903678735,18422
"Ebbw Vale BUASD",316466.285908814,210670.665887519,19045
"Eccles BUASD",376394.819172151,398811.625390443,37371
"Eccleston BUASD",352021.244254446,416858.280652884,4503
"Eckington BUASD",442310.485490124,379080.309851354,7386
"Edenfield BUASD",379967.002908926,419075.327272603,2200
"Efail Isaf BUASD",308699.344282969,184556.090296589,1258
"Egham BUASD",500823.677166513,170923.697717433,26111
"Eldon Lane BUASD",422808.887698866,528047.307538907,1561
"Ellesmere Port BUASD",338808.256628954,375724.858186835,60466
"Ellington BUASD",427826.390574979,592072.889118864,2984
"Ellistown BUASD",443145.09883594,311138.717613819,1988
"Elsenham BUASD",553337.690107668,226612.632066268,1587
"Elstree BUASD",517641.566507319,195110.476010888,1717
"Elton BUASD",345831.653208668,375431.625178343,3023
"Enfield BUASD",533213.103142597,195159.814675565,307000
"Epsom BUASD",520826.625334165,160994.466132276,30206
"Esher BUASD",514728.367169946,166409.918896897,49818
"Eton BUASD",496653.317903835,177595.350511295,2748
"Euxton BUASD",355571.877036973,419071.15809821,8487
"Eversley Centre BUASD",478892.093808662,161564.678041689,1653
"Ewell BUASD",522280.239564363,160563.027781083,50714
"Exeter BUASD",292968.02289802,92629.9371296766,113869
"Exton BUASD",298681.06143901,85928.8177178913,1892
"Eye (City of Peterborough) BUASD",522526.284549342,302630.787777128,3737
"Eye (Mid Suffolk) BUASD",614512.148765354,274085.082109005,2154
"Failsworth BUASD",389774.537879614,401139.827872978,18771
"Fairfield BUASD",382268.276174234,279323.652464325,2087
"Fairford Airfield BUASD",415845.97057522,196992.771021861,1123
"Falmouth BUASD",179997.924757896,32514.2073811328,23283
"Farcet BUASD",520270.690336582,294714.608736803,1672
"Fareham BUASD",456776.383862297,106393.468543267,41291
"Farnborough BUASD",486508.774873149,155614.821445524,64666
"Farndon (Cheshire West and Chester) BUASD",341536.143431852,354514.975634933,2018
"Farndon (Newark and Sherwood) BUASD",477366.032833943,352137.679157294,2552
"Farnham BUASD",483758.774816674,145619.088747826,24907
"Farnworth BUASD",372869.291799034,405842.6514386,26584
"Fazeley BUASD",419699.621878971,302261.441882525,7637
"Felixstowe BUASD",629899.266800353,234965.202814585,23689
"Felsted BUASD",567757.790661889,220609.86024347,1884
"Fence Houses BUASD",431846.178961779,550117.343426253,8033
"Ferndown BUASD",407960.117558949,100788.505151493,27779
"Fernhill BUASD",303342.720421029,199301.989193844,1387
"Fernhurst BUASD",489550.344253797,128606.397889578,2084
"Filton BUASD",361381.022526874,180951.262768904,58846
"Finchampstead BUASD",479962.964880437,163765.110273594,1552
"Finstock BUASD",436057.551677166,216465.349085093,1058
"Fishbourne BUASD",483581.145079293,105240.852474538,2325
"Fiskerton BUASD",473485.46097177,351291.974414433,1214
"Flax Bourton BUASD",350969.428762554,169363.434106196,1328
"Flint BUASD",324144.19565289,372650.173498476,14894
"Folkestone BUASD",621798.777029738,136550.180788549,51337
"Ford BUASD",499913.476800633,102638.227129323,1883
"Fordingbridge BUASD",414617.592023691,114589.09826226,5086
"Forest Row BUASD",542909.809642456,134658.150996619,3864
"Fornham St Martin BUASD",584705.49064022,267422.526744081,2030
"Four Marks BUASD",466828.780135185,134969.714484427,4642
"Fradley South BUASD",415634.80674117,312900.936454879,2818
"Frampton Cotterell/Winterbourne BUASD",366255.065931246,180961.16903255,14484
"Frimley BUASD",488617.020605116,157320.892882025,19884
"Frinton-on-Sea BUASD",623857.265406041,220236.269237562,5132
"Frogham BUASD",416890.741286346,112998.263616888,1364
"Fulwood BUASD",352574.752954022,432398.530021403,34141
"Furness Vale BUASD",400732.517596174,383314.797888711,1443
"Gaerwen BUASD",248328.287714369,371856.931962919,2016
"Gamesley BUASD",400955.01923475,394548.704276879,2531
"Garstang BUASD",349106.353816656,445482.760527312,8522
"Gateshead BUASD",426419.48312891,561149.351270214,119433
"Gatley BUASD",384889.12431159,386809.361190335,21984
"Gilfach Goch BUASD",298002.061982846,189314.927849654,2814
"Gillingham BUASD",579268.660624894,166808.812998779,105226
"Girton BUASD",542234.786321227,262044.183453483,2221
"Glais BUASD",270172.314414039,200170.650780715,1500
"Glapwell BUASD",447792.728579511,365870.256525091,1503
"Glossop BUASD",402298.5131348,394812.683259927,32590
"Gloucester BUASD",384209.718825108,216701.597856709,138037
"Glyn-neath BUASD",287943.736603151,206600.207824352,3430
"Godalming BUASD",497068.93954545,144341.172104976,21804
"Golborne BUASD",361732.868447852,397843.444820637,22343
"Goldsithney BUASD",154593.38217189,30611.7812168723,1994
"Goldthorpe BUASD",445982.099225488,404142.946590538,6240
"Goole BUASD",474657.964899526,424103.06277701,20810
"Goosnargh BUASD",355826.704964424,436565.355233257,1398
"Goring BUASD",460238.112557908,181205.174414255,3048
"Gorleston-on-Sea BUASD",652198.899923356,303671.696149758,24147
"Gorseinon BUASD",259318.496029492,198637.536296468,15276
"Gosport BUASD",459765.319310235,100979.335884067,71762
"Gowerton BUASD",259477.069716156,195888.586780834,8375
"Grain BUASD",588678.029471977,176448.980713671,1648
"Grantham BUASD",491461.314850782,336043.835809244,41613
"Grassington BUASD",400330.061037999,463927.046168393,1611
"Grassmoor BUASD",440439.495458301,367050.385747311,2449
"Gravesend BUASD",565596.781557611,172726.135836031,56784
"Grays BUASD",560623.253749635,178745.64050249,66139
"Grayshott BUASD",487648.707303506,136030.912143772,6705
"Great Abington BUASD",553222.442418348,248772.406252066,1155
"Great Blakenham BUASD",611902.951932386,250653.188672238,1235
"Great Doddington BUASD",487822.511074562,264881.542893237,1747
"Great Eccleston BUASD",343105.412477984,440493.929981865,2110
"Great Gonerby BUASD",489870.622389855,338285.259571651,2200
"Great Gransden BUASD",526718.030373115,255885.523319501,1748
"Great Harwood BUASD",373417.863596494,432347.521092369,10800
"Great Holland BUASD",621383.162918104,220414.897273668,1791
"Great Horkesley BUASD",597948.998485803,229238.296181476,1776
"Great Kingshill BUASD",487975.492030379,197808.009450641,1573
"Great Knowley BUASD",359561.382682522,419507.543059841,1025
"Great Notley BUASD",574123.532334857,221118.874375962,7451
"Great Preston BUASD",440149.243994199,429709.970407306,1463
"Great Wyrley BUASD",398586.200251504,306958.460487896,16279
"Great Yarmouth BUASD",652045.399512945,306806.690998415,39287
"Greenwich BUASD",543080.082274924,177347.58703454,260568
"Grimsargh BUASD",358601.427613858,434245.929305514,2543
"Grimsby BUASD",526238.338499602,408459.191979257,88243
"Groby BUASD",452490.664731023,307112.79661959,6796
"Gronant BUASD",309653.422908258,383124.5552013,1527
"Grove BUASD",369941.863327108,72328.301800661,1630
"Guildford BUASD",499535.034752832,150732.469684478,76519
"Guiseley BUASD",418675.068120143,442079.941799663,11991
"Gunness BUASD",484116.397719863,410680.922368731,1487
"Gunnislake BUASD",242906.312909939,71350.5139549229,3033
"Gwaun-Cae-Gurwen BUASD",270380.52959429,211636.772261238,2910
"Gwernaffield-y-Waun BUASD",320217.394839601,364523.71252056,1942
"Hackney BUASD",534118.209106582,185447.283004335,246270
"Hale (Trafford) BUASD",378351.319060527,386475.276203126,15976
"Halesowen BUASD",396294.787233561,284225.252195767,57897
"Halifax BUASD",407889.121322332,425569.26361575,90667
"Hammersmith and Fulham BUASD",523804.315409049,178450.164354572,182493
"Hammerwich BUASD",406625.494729425,307789.425465175,1571
"Hampton in Arden BUASD",420543.458765291,281023.536362732,1976
"Harden BUASD",408481.569625646,438262.483029614,1600
"Harefield BUASD",505424.887779409,190492.170193951,4562
"Haringey BUASD",531566.365788564,189628.981594694,254926
"Harlow BUASD",545503.24818611,209252.910484208,79430
"Harrogate BUASD",430649.346687267,455542.016063859,73548
"Harrow BUASD",515205.709814264,189317.027736613,239056
"Hartlepool BUASD",449992.439017369,532243.463743627,87835
"Hartley (Sevenoaks) BUASD",560884.57520314,167238.795955195,16572
"Hartley (Tunbridge Wells) BUASD",576257.964298596,135129.238267234,1294
"Harwich BUASD",624135.087739811,231041.489609058,21198
"Haslemere BUASD",489108.277542631,132800.972073431,14291
"Haslingden BUASD",378629.832924313,422364.762645352,16000
"Hastings BUASD",580789.527920805,110638.862430262,90254
"Hatfield BUASD",522058.835709676,208382.238272639,37842
"Hatfield Peverel BUASD",579278.080406278,211651.771544589,2914
"Hattersley BUASD",397992.455932172,394655.21393572,4534
"Hatton BUASD",421547.611742904,330208.483774191,2563
"Havant BUASD",471320.470178403,107575.653759721,45826
"Havering BUASD",552948.657729488,188216.080024444,237232
"Haworth BUASD",403837.446658808,437448.478582776,5194
"Haydock BUASD",355493.906404928,397056.713203121,15927
"Hazel Grove BUASD",392104.932153596,386538.184623952,19659
"Headley Down BUASD",483269.33550541,136341.389262992,5613
"Heage BUASD",437171.519914903,350164.76101189,3087
"Heanor BUASD",443622.714256976,346620.773403914,25670
"Heathfield BUASD",558214.557617224,121002.352141077,7772
"Hebburn BUASD",431234.649168534,564288.506215387,20567
"Heckmondwike BUASD",421977.44204014,423869.398705344,11399
"Hedge End BUASD",449434.3584276,113438.959847963,25873
"Hedon BUASD",519107.31103337,428458.431900216,6903
"Hellaby BUASD",450290.385071338,391949.42893711,1437
"Helston BUASD",166239.0418507,27813.8346347391,11682
"Hemel Hempstead BUASD",506164.277847264,207013.891720855,95188
"Hemingbrough BUASD",467587.889969455,430597.366266072,1998
"Hemingford Grey BUASD",529503.320602955,270533.881362346,2827
"Hendreforgan BUASD",298344.680088972,188265.034959568,1727
"Henlow BUASD",517717.709992285,238234.680925322,1852
"Herne Bay BUASD",617918.682732351,167431.996912412,38563
"Hersden BUASD",620310.671323657,162164.090152182,2054
"Hertford BUASD",532551.247392567,212909.370250186,26783
"Heskin Green BUASD",353260.614060659,415189.73936978,1234
"Hessle BUASD",503301.089731844,426692.69989949,15000
"Hetton-le-Hole BUASD",435519.377295952,547000.008195258,12254
"Hextable BUASD",551874.769349736,170356.698847459,4092
"Heysham BUASD",341837.710296767,461885.909713483,14495
"Heywood BUASD",385168.826452767,410490.344052894,29070
"High Clarence BUASD",449041.137745879,522364.187242674,1475
"High Lane BUASD",395442.910905909,385437.832994189,4196
"High Wycombe BUASD",487640.043753319,192816.868627413,121221
"Higham BUASD",570982.559876297,171264.822469285,2440
"Higham Ferrers BUASD",495908.824920762,268902.909668808,8649
"Highleigh BUASD",485253.908906438,98007.2054716168,1171
"Hill Dale BUASD",349364.182550905,412173.144859735,1147
"Hillingdon BUASD",508648.462253198,183084.074984984,279242
"Hindley BUASD",362773.516488804,403975.038204937,24893
"Hipsburn BUASD",423469.968536859,611186.985130356,1719
"Hirwaun Industrial Estate BUASD",292850.10119868,206426.68272842,1700
"Histon BUASD",543987.114092639,263490.694155722,7553
"Hitchin BUASD",518928.279129197,229493.906441704,34778
"Hoddesdon BUASD",537232.806088331,207828.353364286,41483
"Holcombe BUASD",295439.939702794,75192.7549251905,1726
"Holme-on-Spalding-Moor BUASD",480397.610321848,438215.774844701,1832
"Holmfirth BUASD",414237.154124308,409575.684600856,23605
"Holt BUASD",340959.533134775,353838.236630742,1113
"Holywell BUASD",318281.680780765,376541.896450637,11208
"Hope BUASD",330767.758081428,357967.374924233,4224
"Horam BUASD",557973.930598654,117378.068932037,2642
"Horbury BUASD",429548.981754039,418348.255438276,9294
"Horley BUASD",528358.147372826,143412.63894246,22076
"Horndean BUASD",469220.672657164,112054.214572284,46605
"Horsforth BUASD",423964.593389151,438057.772387797,18533
"Horsham BUASD",518058.312507709,131545.136291504,48212
"Horsham St Faith BUASD",621955.503042602,315505.757924529,1724
"Horspath BUASD",457413.735250211,204884.533343035,1378
"Horwich BUASD",364135.62925535,411095.215289895,19512
"Houghton-le-Spring BUASD",433970.028508673,550135.758465794,13666
"Houghton BUASD",341043.020442847,559188.660604255,3079
"Houghton Regis BUASD",502365.356730365,224277.390919228,17283
"Hounslow BUASD",514083.682622258,175814.137300918,253957
"How Wood BUASD",513675.635412766,203998.886326086,5758
"Hoylake BUASD",322381.136297845,389532.956804915,10909
"Hoyland BUASD",437216.996647112,400600.72649255,17465
"Hucknall BUASD",453100.002384214,348851.325839152,32099
"Huddersfield BUASD",413842.10094726,416646.296324397,165255
"Hughenden Valley BUASD",486249.338979525,197218.069828572,2576
"Hullbridge BUASD",581122.724366361,194809.944891707,6527
"Hunger Hill BUASD",368157.742313328,406985.928761243,1539
"Hunstanton BUASD",567526.262481851,338888.072773517,8761
"Hutton BUASD",349654.044863232,426415.589995358,3053
"Hutton Rudby BUASD",446717.741094744,506233.358151331,2421
"Hyde (Tameside) BUASD",395342.635436641,394997.410388275,34141
"Hythe BUASD",616024.888462488,134681.826422017,14516
"Ickleford BUASD",518091.153719467,231696.101888579,2194
"Ightham BUASD",559054.318881716,156035.030784488,2084
"Ilkeston BUASD",446389.764704896,341911.137581353,38640
"Immingham BUASD",517761.595516448,414862.088833118,10635
"Ince-in-Makerfield BUASD",359825.726149212,404953.458200579,11897
"Ingatestone BUASD",564484.562931888,199148.788696445,5966
"Ingleby Barwick BUASD",444323.106590437,513844.324273544,21045
"Innsworth BUASD",387295.418978545,220748.03998679,13877
"Ipswich BUASD",616634.449947963,244321.634968819,144126
"Irlam BUASD",371809.69633853,393943.598583525,20067
"Ironville BUASD",443645.741566606,351523.639438361,1537
"Islington BUASD",531144.963649013,185031.129965768,206125
"Islip BUASD",498674.634942757,279376.531958187,1869
"Itchen Abbas BUASD",453057.485056267,132798.584554463,1896
"Iver Heath BUASD",502963.436975308,182392.149139183,8249
"Jacksdale BUASD",444899.422991891,351684.916675564,3158
"Jarrow BUASD",434070.548139319,562997.998064905,42694
"Keadby BUASD",483494.895317039,410951.472314683,1488
"Kearsley BUASD",375291.851970727,405100.183713297,12533
"Keighley BUASD",405682.99159501,440916.268347784,54184
"Kelly Bray BUASD",235999.178664729,70949.4246293308,2016
"Kelsall BUASD",352763.936266537,368271.680337498,1927
"Kelvedon BUASD",586422.891764711,219025.213487423,5148
"Kempston BUASD",503270.20795253,247651.106976263,19330
"Kendal BUASD",351868.074641192,492311.053160696,28586
"Kennington BUASD",452142.418906535,202228.498060905,4469
"Kensington and Chelsea BUASD",525532.042167783,179540.129988085,158649
"Kesgrave BUASD",622593.256328891,245298.779249058,18979
"Kettering BUASD",487466.742547586,278576.13750206,56226
"Kibworth Harcourt BUASD",468063.150378199,293861.334069758,5441
"Kidderminster BUASD",383087.17990445,276458.547113894,55098
"Kidlington BUASD",449278.180252256,213728.49031489,15332
"Kidsgrove BUASD",384023.1203493,354577.899414089,24818
"Kilburn BUASD",438877.73515354,345200.401876982,5320
"Kilgetty BUASD",212419.434687931,207428.625114485,2262
"Killamarsh BUASD",445628.389774507,380690.370072468,9445
"Kimberley BUASD",450101.501561197,344980.798867081,10214
"Kingsnorth (Ashford) BUASD",601509.795590154,139178.63699606,7209
"Kingsteignton BUASD",287134.391444121,73693.8592098087,11147
"Kingston upon Hull BUASD",508981.538667966,430993.676317893,285490
"Kingston upon Thames BUASD",519298.563053454,167684.134583204,164835
"Kingswear BUASD",288854.951716774,51546.7206811515,1217
"Kingswinford BUASD",389239.245710805,288164.005169918,50404
"Kinmel Bay BUASD",298211.86337154,379549.353727982,9791
"Kippax BUASD",441449.011812797,430549.578121858,9785
"Kirkby-in-Ashfield BUASD",450223.573377835,355687.388937067,27781
"Kirkham BUASD",342252.795499509,432083.117673749,12577
"Kiveton Park BUASD",448494.429366377,382943.459972948,6582
"Knaresborough BUASD",435279.55137457,457215.353074057,15674
"Knockholt Pound BUASD",548272.017019837,159770.040389083,1922
"Knottingley BUASD",449279.13460408,423583.735372861,13710
"Lambeth BUASD",530781.774689054,174582.666482783,303086
"Lancaster BUASD",347778.93762999,461542.775703916,48850
"Lane End BUASD",480986.823719568,191964.904847121,2851
"Langley Heath BUASD",581221.499501665,151541.243477398,1564
"Lanner BUASD",171642.89731084,40112.7496767059,2701
"Launceston BUASD",233222.210962666,84499.4382187509,9216
"Launton BUASD",460857.789408894,222545.347318041,1521
"Leadgate BUASD",412538.193960099,551850.497615485,4504
"Leatherhead BUASD",514725.310465984,155704.896036124,33398
"Leeds BUASD",429899.435923988,434948.629845917,473637
"Leek BUASD",398470.186286859,356560.227442808,18603
"Leeming BUASD",430912.360575002,488518.192378144,3500
"Lees BUASD",395842.379090731,404841.904622222,13703
"Leicester BUASD",459264.956098831,303807.73986114,444898
"Leiston BUASD",644544.506358103,262522.776905355,4911
"Letchworth Garden City BUASD",521992.859949939,232697.371861073,33249
"Leverington BUASD",544252.765895988,311538.87700543,1763
"Lewisham BUASD",537487.160951157,174247.393894622,275885
"Leyland BUASD",353798.399416791,422291.362123614,40123
"Leysdown-on-Sea BUASD",602342.081189254,170747.153323251,1678
"Lincoln BUASD",496756.439487115,370339.659992738,99663
"Linford BUASD",567150.644268609,179343.153336462,1728
"Lingfield BUASD",538835.901021472,143991.830314521,4201
"Lingwood BUASD",636187.988313766,308353.343128113,2643
"Linton BUASD",427664.467901844,316530.221947489,1639
"Litherland BUASD",333943.252204434,397910.539821275,16764
"Little Clacton BUASD",616454.793234826,219210.861266924,3161
"Little Eaton BUASD",436306.459729462,341921.534799994,1821
"Little Lever BUASD",375683.766484721,407564.242906752,13165
"Little Shelford BUASD",545166.21147093,251313.38815753,1218
"Littleborough BUASD",393279.415832999,416213.662390443,12504
"Littlehampton BUASD",504735.437733031,102790.930923981,56029
"Littlethorpe BUASD",454219.97887046,296884.324053736,1766
"Littleton BUASD",445799.22264665,132210.548856634,1360
"Liverpool BUASD",339331.610872021,390715.545453908,552137
"Liversedge BUASD",419887.125843063,423482.631155154,17385
"Llanbadarn Fawr BUASD",259692.21277297,280846.346822417,1095
"Llanddulas BUASD",290628.889229996,378101.535657905,1542
"Llandudno Junction BUASD",279180.680500017,378730.67920533,10658
"Llanelli BUASD",251902.888766887,200478.208260189,45071
"Llanfoist BUASD",329133.437327656,213099.682184891,2319
"Llangennech BUASD",256067.272079284,201840.18135153,3373
"Llantrisant BUASD",304592.981977203,182369.395584626,13032
"Llantwit Major BUASD",297368.710587126,168782.411581598,7366
"Locks Heath/Warsash/Whiteley BUASD",451540.429082044,107505.626931429,44240
"Loggerheads BUASD",373954.335875895,336083.439496619,3105
"Long Eaton BUASD",448243.485348696,333201.619327961,36045
"Longbenton BUASD",427709.596992048,570208.381450405,35855
"Longton BUASD",347788.142680487,424732.585138943,8206
"Lostock Gralam BUASD",369085.953264814,375189.274887744,2582
"Loughor BUASD",257401.787426499,198202.120948149,5126
"Loughton BUASD",543134.447301448,196406.887191666,31106
"Low Ackworth BUASD",444824.597443355,417516.151692806,1768
"Lower Pilsley BUASD",441916.919828892,363322.660586321,1783
"Lower Shiplake BUASD",477377.344906805,179486.843842113,1829
"Luton BUASD",507792.329645055,223063.152953998,212267
"Lymington BUASD",431700.356577989,95388.3204412273,15407
"Lympne BUASD",612132.407976412,135434.512605026,2004
"Lyne BUASD",501690.38312142,166107.704204369,1576
"Lyneham Airfield BUASD",402377.931109008,178670.320637946,5460
"Lynemouth BUASD",429282.239159176,591098.683965228,1858
"Lytham St Anne's BUASD",334064.99716381,428708.654031341,42294
"Macclesfield BUASD",390924.929500558,373819.518668333,55584
"Maesteg BUASD",285656.495134466,191752.449127626,19143
"Maidenhead BUASD",488036.220663757,180814.40247363,62668
"Major's Green BUASD",409985.986123176,277447.834150924,1659
"Maltby BUASD",452914.70330928,392353.358184667,16856
"Malton BUASD",478711.447015387,472128.568647288,4888
"Manchester BUASD",385439.970589211,397004.280376618,511948
"Mansfield BUASD",454658.557440688,361306.779021189,77378
"Mansfield Woodhouse BUASD",454400.706501496,363755.238439453,18376
"Mapledurwell BUASD",468239.022814359,152200.852087715,1792
"Maresfield BUASD",546453.248532202,124108.609446744,1737
"Margate BUASD",634708.070347369,170116.392370288,62462
"Marks Tey BUASD",590613.157573815,223400.41085348,2551
"Marlborough BUASD",418868.220150573,169074.153785272,8395
"Marldon BUASD",286784.076642244,63091.2160870507,2123
"Marlow Bottom BUASD",484577.129045535,188707.239445726,3749
"Marlow BUASD",485114.032732331,186985.104789392,14325
"Marshfield BUASD",325897.901617562,182181.568880309,3350
"Martlesham BUASD",624933.776072884,246634.802079616,1795
"Maypole BUASD",551166.551007286,172706.714935529,2655
"Medstead BUASD",465563.728900547,136326.324755891,1377
"Meliden BUASD",306022.568408046,380899.398404137,2066
"Menston BUASD",417289.609660527,443910.069843359,4259
"Merley BUASD",402291.048419025,98199.4186797305,6241
"Merton BUASD",525993.982527051,169372.435340321,199693
"Mexborough BUASD",447541.997790216,400349.052795165,15113
"Middlesbrough BUASD",451148.716686142,517639.108796219,175046
"Middlestown BUASD",426378.033193046,417061.740899796,3040
"Middleton (Rochdale) BUASD",387142.720088784,406111.378341352,43316
"Middleyard BUASD",381718.344498701,203314.684625149,1209
"Midhurst BUASD",488295.679235705,121076.89265446,5880
"Midsomer Norton BUASD",366317.735250653,154202.28038718,12415
"Mildenhall BUASD",570433.7785808,275690.715111698,12613
"Millhouse Green BUASD",422391.234116975,403271.040560949,1554
"Milnrow BUASD",392674.217578636,412720.583740547,10357
"Milton Keynes BUASD",484925.94903886,238297.778072682,172394
"Minchinhampton BUASD",387071.503779737,200883.203262431,4357
"Minster (Swale) BUASD",594473.58526786,172819.294487232,19247
"Minster (Thanet) BUASD",630821.778175756,164752.409261247,3007
"Mirfield BUASD",420119.505509716,420507.970731332,19563
"Monkton Heathfield BUASD",325553.419419921,126849.382341211,2787
"Moore BUASD",357417.164935192,384255.691121713,1115
"Moorends BUASD",469669.278749135,415533.008454145,4608
"Morecambe BUASD",344201.42110927,463888.331516789,33930
"Morgan's Vale BUASD",420088.081804957,120561.462284232,2844
"Morley BUASD",426610.042309172,428013.315016202,29622
"Morton (North East Derbyshire) BUASD",440650.786568082,360352.109757834,1720
"Mossley BUASD",397592.89473464,402409.262745536,10921
"Mountsorrel BUASD",458025.773413192,314243.937604399,10138
"Mundford BUASD",580175.326767161,293931.657932609,2078
"Mynydd Marian BUASD",289756.491731003,377505.599626062,1406
"Nailsea BUASD",347269.679643283,170466.918207996,17241
"Nailsworth BUASD",384317.793447356,200209.918219917,8730
"Nant-y-moel BUASD",293623.343184675,192568.503511539,2344
"Nantyglo BUASD",319303.502498566,210292.643591008,4635
"Narborough/Enderby BUASD",453644.81618076,298356.897920714,12996
"Neath BUASD",274740.563119762,197253.181652514,52034
"Nelson (Caerphilly) BUASD",311096.616476395,195494.917260627,4647
"Nelson (Pendle) BUASD",386437.130960047,437776.621221603,29135
"Netherne On-The-Hill BUASD",529377.732377677,156396.290585917,2698
"Netherton BUASD",412739.640370984,413033.040393261,3002
"Nettlestone BUASD",462765.74268666,90680.327472439,1147
"New Arley BUASD",429119.189042015,289890.694236674,1471
"New Hartley BUASD",430654.443471118,576713.84356847,1841
"New Houghton BUASD",449966.720068435,365005.211024532,2305
"New Longton BUASD",350942.695220932,425440.281050614,2737
"New Mills BUASD",399386.329807398,385269.608006323,12612
"New Milton BUASD",424887.936540968,95410.2803840561,21752
"Newark-on-Trent BUASD",480563.695829669,353048.469990841,37457
"Newbridge BUASD",321210.171320126,197806.505842991,9045
"Newburgh BUASD",347779.860571917,410369.127209643,1970
"Newburn BUASD",416921.271548137,565896.750033029,3123
"Newbury BUASD",447166.227252073,166714.55486315,39186
"Newcastle-under-Lyme BUASD",384294.745161742,346979.344576059,75125
"Newcastle upon Tyne BUASD",423742.196853866,566201.650717995,267101
"Newham BUASD",541237.665222508,183534.779026451,307984
"Newhey BUASD",393788.537374546,411571.531052362,2887
"Newick BUASD",541581.295207555,121217.587916316,2457
"Newlyn BUASD",146140.065131843,28593.4417830277,3319
"Newport BUASD",331225.093191091,188281.254580917,130218
"Newport Pagnell BUASD",486993.458995598,243598.753564392,15118
"Newton-le-Willows BUASD",358078.856313514,395391.824141569,22033
"Newton Abbot BUASD",286166.084386611,71086.9996538886,25687
"Normanton BUASD",438587.648756674,422786.293664242,20520
"North Ascot BUASD",491566.369074826,169513.238851535,10000
"North Benfleet BUASD",575637.573666247,189286.481735479,1598
"North Bradley BUASD",385588.931887276,155226.690049806,1424
"North Chailey BUASD",539469.032885116,121151.803679785,1878
"North Ferriby BUASD",498665.897627203,426194.547781418,4745
"North Hykeham BUASD",494119.975758042,366279.046970313,15179
"North Walney BUASD",318089.066164745,468942.115424399,9369
"North Wingfield BUASD",441829.069842572,365414.658536986,9458
"Northam BUASD",244710.040954276,129303.074036984,10356
"Northampton BUASD",476278.791104552,261691.436240784,215332
"Northfleet BUASD",563157.335850102,173127.682842602,26037
"Northop Hall BUASD",327152.984407415,367774.688680582,1530
"Northwich BUASD",365488.909060906,372826.682645255,44638
"Northwood BUASD",509236.571476207,192642.494959788,5532
"Norton-on-Derwent BUASD",479655.895571442,471140.361290425,7387
"Norton BUASD",386823.663063177,251696.861778591,1506
"Norton Fitzwarren BUASD",319538.16404799,126077.601488457,3046
"Norton sub Hamdon BUASD",347077.054748281,116308.306136082,1249
"Norwich BUASD",622411.992215603,309577.256670956,186124
"Nottingham BUASD",455561.24212608,341895.655940874,290102
"Nounsley BUASD",580004.570471228,210664.925611536,1462
"Nuneaton BUASD",435354.22859354,291718.855842722,86968
"Oaklands BUASD",523731.810154337,218050.468991269,6959
"Odiham BUASD",473730.603906579,151103.978793996,3165
"Offenham BUASD",405529.458261733,245971.430276936,1513
"Ogmore Vale BUASD",293223.10723084,190444.052864187,3117
"Old Hunstanton BUASD",568644.40042229,342091.209794902,1409
"Oldbury (Sandwell) BUASD",399297.781006126,288288.311796576,24127
"Oldham BUASD",393033.070366662,404550.941901508,96486
"Ossett BUASD",428027.980783022,420485.898043322,21854
"Oswaldtwistle BUASD",373769.935817822,427559.75375702,12156
"Otley BUASD",419926.338187305,445752.611464111,13668
"Otterbourne BUASD",446384.08675815,123729.503966974,2126
"Ottershaw BUASD",502344.302288885,163716.493088968,4096
"Oughtibridge BUASD",430969.343000877,392993.481516755,3443
"Ouston BUASD",425414.997797002,554565.522632233,5981
"Over Stratton BUASD",343332.366342456,115924.196888772,1448
"Ovingham BUASD",408675.392257963,563982.959742989,1222
"Oxford BUASD",452870.369025114,205897.131817366,161343
"Paignton BUASD",288686.97213989,61502.4889817438,63506
"Parbold BUASD",349189.425373474,410739.155717067,2637
"Park Street BUASD",514775.7963745,203790.206968876,3598
"Partington BUASD",371476.58083941,391206.626779148,8395
"Parton BUASD",298123.121576142,520622.29482385,1362
"Partridge Green BUASD",519142.393275301,119309.671506895,2719
"Paulton BUASD",365157.948870154,156365.902238172,5302
"Peaslake BUASD",509281.65156969,145733.405888831,2024
"Pelton BUASD",425134.507791217,553171.470600226,5278
"Pembrey BUASD",243210.354602381,200991.333283929,2030
"Pen-y-groes BUASD",257140.808112716,213087.705533717,6528
"Penarth BUASD",317876.266111811,171565.033335483,26507
"Penistone BUASD",425012.080175669,402778.427230034,9509
"Penpol BUASD",181699.645001663,38877.4638288476,1683
"Penrhyn Bay BUASD",281810.969416948,381347.065359094,4883
"Penryn BUASD",177778.630816332,34493.1729601463,9694
"Penybanc BUASD",261344.842118268,212156.509111724,2199
"Penzance BUASD",146861.840397227,30650.7756073754,16336
"Perranporth BUASD",175563.944750875,54066.1215162854,2628
"Pershore BUASD",394558.938341399,246043.985000573,7065
"Peterborough BUASD",518180.263139499,299378.319766,161855
"Peterlee BUASD",442869.146354383,540790.836922235,28251
"Pickering BUASD",479682.729416788,483985.298948621,6830
"Pill BUASD",352244.422786206,175784.233278228,4828
"Pilsley BUASD",442265.335720666,362366.038329756,1704
"Pirbright BUASD",494633.154463308,155712.528114607,1732
"Pirbright Camp BUASD",493594.497576651,157008.973154252,1959
"Platt Bridge BUASD",360595.322408681,402251.176447341,9940
"Plymouth BUASD",248658.304882689,57099.9282945506,234348
"Plymstock BUASD",251505.218086682,52886.5696679718,24758
"Polegate BUASD",558299.417076476,104694.478951525,9144
"Pondwell BUASD",462096.908700786,91136.9164288461,1402
"Pontardawe BUASD",272795.878423769,204207.771244962,13245
"Pontefract BUASD",445967.914334878,421874.089782406,29305
"Pontllan-fraith BUASD",317923.307603096,195766.063583247,10367
"Pontlottyn BUASD",311717.768095226,205885.690838863,1924
"Pontypool BUASD",328612.831456667,200429.793588916,29421
"Pontypridd BUASD",308044.234906739,189692.599703247,29835
"Poole BUASD",402360.814673646,92909.8435094813,155369
"Port Talbot BUASD",275690.031061109,190384.238564202,37374
"Porth BUASD",302517.511475407,191614.240575012,14795
"Porton BUASD",419008.514669793,136921.407838328,1601
"Portslade-by-Sea BUASD",525497.57541885,106465.786546565,19587
"Portsmouth BUASD",465347.281876182,102406.050897304,239443
"Potten End BUASD",501868.132002417,209022.243288568,1546
"Poulton-le-Fylde BUASD",334530.976475901,439386.856344212,16750
"Poyle BUASD",503005.378192406,176936.824991741,3188
"Poynton BUASD",391938.037877218,383416.496762846,15525
"Prescot BUASD",347808.515846546,391703.081688155,37345
"Prestatyn BUASD",306013.191098361,382668.138878856,16271
"Preston (East Riding of Yorkshire) BUASD",518986.152242718,430122.892040956,2837
"Preston BUASD",353996.601041596,430362.000076419,99197
"Prudhoe BUASD",409588.953493846,562903.298381655,10853
"Pudsey BUASD",421779.677708848,433800.969405146,33546
"Puriton BUASD",332177.770302932,141486.072051882,1968
"Pwll BUASD",248360.17230747,201073.432873002,2333
"Queen's Hills BUASD",615341.083368829,312150.568990915,2165
"Queenborough BUASD",591106.692504335,171756.602291728,3065
"Queniborough BUASD",464410.756405715,312268.401875669,3018
"Quorn (Quorndon) BUASD",455885.18492241,316704.556057762,4665
"Radcliffe BUASD",378321.479040192,407524.776651086,27948
"Radstock BUASD",368574.378482801,154670.342034863,8797
"RAF Station St Athan BUASD",300780.916210867,168732.118938677,6180
"Rainford BUASD",347879.368920294,400918.892633812,5190
"Ramsbottom BUASD",378652.356722654,415805.751038669,16365
"Ramsden Heath BUASD",571268.5466333,195885.319375824,2286
"Ramsgate BUASD",637546.521826321,165589.919146799,40408
"Rawmarsh BUASD",443786.967656283,396699.286874507,17815
"Rawtenstall BUASD",381892.518429509,423336.03156445,22868
"Rayleigh BUASD",580280.86993701,189745.992317056,96246
"Rayne BUASD",572773.318511158,222649.184870075,2299
"Reading BUASD",471016.387694002,172850.537442082,218977
"Redbridge BUASD",543598.010576947,188939.305308977,292557
"Redcar BUASD",460379.534968468,523747.652549995,38383
"Redditch BUASD",404841.327671014,266571.577537705,82827
"Redhill BUASD",528148.144498187,151059.130140519,34519
"Redruth BUASD",169061.625420564,42360.9941657739,19659
"Reepham BUASD",503651.085437203,373515.847270701,1233
"Reigate BUASD",525832.13123933,149922.014291062,23508
"Reydon BUASD",649934.492303356,277536.727725725,2582
"Rhodes BUASD",385242.387518907,405334.658945704,2687
"Rhondda BUASD",297937.878799374,194995.729633004,13333
"Rhosllanerchrugog BUASD",329400.512056052,346115.984256563,13832
"Rhostyllen BUASD",331524.953270345,348881.309149385,2766
"Rhyl BUASD",301654.805218086,381111.44244791,24603
"Rhymney BUASD",311487.17674884,207761.810414665,5459
"Richmond upon Thames BUASD",516882.457480924,173528.351227624,185666
"Rickmansworth BUASD",506540.792586582,195074.777927965,23229
"Ringwood BUASD",415798.946250113,105399.084304144,13712
"Ripley BUASD",440371.580989904,350071.203192673,19560
"Risca BUASD",324036.956672788,190814.008793524,14958
"Robin Hood BUASD",432634.035782093,427445.214320476,3554
"Rocester BUASD",410960.055142552,339335.675738639,1569
"Rochdale BUASD",389288.429133554,413347.615388683,107909
"Rochester BUASD",573592.007306713,168293.000333888,64224
"Rochford BUASD",587021.530240925,191645.758344394,18575
"Rockwell Green BUASD",312519.052933469,120137.525172779,2609
"Rolleston on Dove BUASD",423891.484753965,327632.755302214,3267
"Romiley BUASD",393094.449817921,391569.830455674,35068
"Romsey BUASD",436375.37792352,121713.215780603,18044
"Rossett BUASD",336703.753909249,357361.414933327,3231
"Rotherfield BUASD",555514.479538791,129504.573971748,1286
"Rotherham BUASD",444265.576866482,392948.847854932,109792
"Rothwell BUASD",435017.569755883,428651.50209343,19751
"Rowhedge BUASD",603003.932914281,221689.497659264,1582
"Rowlands Castle BUASD",472935.007125918,110583.223241175,2530
"Rowley Regis BUASD",396958.86508614,288938.830866683,35575
"Royal Leamington Spa BUASD",432378.444050818,266068.543919335,55544
"Royal Tunbridge Wells BUASD",558348.830493858,139836.936150915,57732
"Royston BUASD",436247.432726078,411481.647376374,10681
"Royton BUASD",391888.586285404,407956.104441846,24163
"Ruabon BUASD",330401.393833684,344092.251373578,4274
"Ruardean BUASD",361781.303989725,217457.217856926,1431
"Ruardean Woodside BUASD",363028.309933072,216806.898922239,1721
"Ruddington BUASD",457246.822776673,333219.786903702,7216
"Rudgwick BUASD",508843.379717875,133506.066236535,1385
"Rugby BUASD",450608.202698682,275108.643658127,72875
"Runcorn BUASD",353445.471701221,381622.412225661,62569
"Runcton BUASD",488290.335365474,102736.300229389,2252
"Rushden BUASD",495554.235750078,266505.655461418,28365
"Ryarsh BUASD",566979.302758363,159976.441540726,1361
"Ryde BUASD",459079.207465134,91915.6135799724,23953
"Ryton BUASD",414535.409821543,563582.216030622,15235
"Sacriston BUASD",424082.257009769,547275.966383381,4999
"Sale BUASD",380327.901019991,389772.058939592,134125
"Salford BUASD",380994.808490748,400069.40009094,100594
"Salfords BUASD",528015.839796819,146216.844932225,2611
"Saltdean BUASD",537909.871859305,102672.405181741,12784
"Sandford BUASD",393141.392881201,89806.2942103867,2774
"Sandhurst BUASD",484548.831751019,161831.952887108,20495
"Sandiacre BUASD",447499.269769601,336333.434445,10105
"Sandleheath BUASD",413508.166786819,114514.24669842,1592
"Sandown BUASD",459360.830326941,84141.5894111972,12302
"Sandy BUASD",517012.939265364,249665.104902166,11657
"Sandycroft BUASD",332150.180082421,366912.002553436,7492
"Sarn BUASD",290168.248591546,184012.621829648,11420
"Saundersfoot BUASD",213203.855041097,204697.676110783,2628
"Sawbridgeworth BUASD",548267.944293507,214716.150708343,10472
"Saxmundham BUASD",638106.439744554,263307.970647317,3644
"Scholes BUASD",416111.05917719,407386.467777005,1771
"Scotby BUASD",343845.087964077,555449.91913064,1740
"Seaton BUASD",301664.333996954,530655.929228653,5196
"Seaton Delaval BUASD",430666.759244546,575062.475060539,7509
"Sedbury BUASD",354295.522906458,194080.746683222,2942
"Sedgley BUASD",391571.250785118,292595.99699637,31815
"Seer Green BUASD",496490.671133173,191966.110364773,2311
"Selby BUASD",461225.761860712,432047.206701833,17355
"Selston BUASD",446819.258122561,353116.550571443,6753
"Sevenoaks BUASD",552559.308479445,155796.005251647,30692
"Shaldon BUASD",293084.443601041,72249.2645120718,1269
"Shalmsford Street BUASD",610892.385236043,154476.952776427,4080
"Shanklin BUASD",458085.744620482,81734.265613984,9072
"Sharlston BUASD",438951.654592758,419327.037624647,2663
"Sharpthorne BUASD",536854.783819597,132616.382184208,2181
"Shavington BUASD",370031.022417233,351822.950400838,3822
"Shaw (Oldham) BUASD",393698.176881266,409350.2101977,19730
"Shedfield BUASD",456406.724429632,113261.529586902,1206
"Sheffield BUASD",436057.051486349,386702.855577386,517132
"Shefford BUASD",514429.755050843,238959.156780802,6240
"Sheringham BUASD",615758.841748975,342809.851960981,7367
"Shevington BUASD",354341.375706456,408633.550960424,5673
"Shevington Vale BUASD",352893.410882347,409631.108436477,4443
"Shipley BUASD",414776.760744454,437177.747538514,28139
"Shireoaks BUASD",455855.214781176,381290.334810434,1816
"Shoreham-by-Sea BUASD",519912.953328965,105142.013450234,49386
"Shorne Ridgeway BUASD",569209.4613179,170787.731921965,1247
"Shortfield Common BUASD",483934.381461515,141732.597654258,1202
"Shotton BUASD",330157.090958323,366960.486741443,16793
"Shotton Colliery BUASD",439377.756988625,540777.447470757,4359
"Shrivenham BUASD",423800.520535977,188811.622879869,2673
"Sibford Gower BUASD",435682.161840379,237786.254710389,1523
"Sileby BUASD",460573.161659497,315278.225555082,7257
"Skelmanthorpe BUASD",423175.968552708,410590.754472835,5023
"Skelmersdale BUASD",348715.974041174,406228.265890351,34535
"Slough BUASD",497064.479005523,180748.630551717,154715
"Smallford BUASD",519390.844746729,207248.582074328,1345
"Smethwick BUASD",401936.132293,287834.396476319,50992
"Snaith BUASD",464286.870216952,421880.488986923,3579
"Soham BUASD",559326.720865587,273596.206041518,10036
"Solihull BUASD",414157.504748723,279578.426630886,124849
"Sonning Common BUASD",470592.329315206,180617.59401648,5433
"South Earlswood BUASD",528130.356991968,147768.589820314,5298
"South Elmsall BUASD",446989.416796483,411138.741055704,10636
"South Harefield BUASD",505108.27195371,189154.372036152,1512
"South Hetton BUASD",438203.107539013,545152.376296916,3032
"South Kirkby BUASD",444885.007072626,410849.916868369,8263
"South Normanton BUASD",444791.188803651,355999.427497452,15144
"South Petherton BUASD",343377.123377615,117010.360413081,1904
"South Shields BUASD",437079.072360893,565033.735513857,75337
"Southampton BUASD",442645.515204664,113593.889223955,253984
"Southborough BUASD",557972.867813079,142344.896951154,12403
"Southend-on-Sea BUASD",587538.132997087,186566.921309409,173658
"Southwark BUASD",533707.023043275,177384.87548436,288283
"Southwell BUASD",368454.716489607,70338.1120130159,2090
"Southwick BUASD",524496.293212745,105769.623228055,11796
"Southwold BUASD",650727.75292064,276457.566019815,1098
"Sowerby Bridge BUASD",404666.664267085,423164.433110657,3247
"Speldhurst BUASD",555136.698353018,141187.116839936,1367
"Springwell BUASD",428784.754092967,558395.731732729,1457
"Sprotbrough BUASD",453952.176010019,402187.960041155,3321
"St Albans BUASD",516038.299130103,207132.036010123,81892
"St Ann's Chapel BUASD",240760.19115924,71000.7387565275,1608
"St Austell BUASD",202486.700632239,52841.6124782354,24930
"St Blazey BUASD",207124.299764568,53918.8802441695,9777
"St Clears BUASD",228068.225577065,216805.89409779,2995
"St Day BUASD",172855.429440659,42568.9804806202,1772
"St Dogmaels BUASD",215977.385415069,245788.406243747,2218
"St Eval BUASD",188478.531065492,68757.1533627464,1236
"St Helens BUASD",351316.482975665,394754.471803358,104577
"St Ives BUASD",531189.024728083,272529.44680883,16384
"St Margarets BUASD",538272.962209253,211697.87442433,4587
"St Neots BUASD",518182.931851761,259847.020213695,30888
"Stafford BUASD",392699.29699405,322727.938353882,69776
"Staines BUASD",504362.396427818,170841.817702546,26354
"Stainforth BUASD",464534.985879771,411551.967017402,5942
"Staining BUASD",334977.374865155,436226.513516192,1368
"Stake Pool BUASD",341226.824426519,447978.169647478,2293
"Stakeford BUASD",426152.185608524,585486.967600013,7764
"Stalybridge BUASD",397136.444923774,399027.818504773,26421
"Stamford BUASD",502292.826585058,307638.066389392,19701
"Stanbridge BUASD",496851.676791755,224290.992604885,2097
"Standish BUASD",356108.29498198,410239.795761095,13232
"Stanley BUASD",419624.968824496,552751.354819258,21931
"Stapleford BUASD",449086.977997092,337663.237372653,17619
"Staveley BUASD",442961.048333782,374094.663859022,14526
"Steeton BUASD",402822.699885629,444469.557712425,4375
"Stetchworth BUASD",564118.413870371,258416.097611182,2253
"Stevenage BUASD",525138.822436708,224767.977313344,89913
"Steyning BUASD",517792.89809819,111333.581680579,6269
"Stoborough Green BUASD",392709.916202571,85645.1135897839,1764
"Stock BUASD",570014.58332067,198916.113006993,2589
"Stockport BUASD",389372.388648299,389804.482702522,106561
"Stockton-on-Tees BUASD",443175.307238653,520188.96347201,82729
"Stoke-on-Trent BUASD",389586.204088409,346601.851261601,269820
"Stoke Gifford",362476.305509275,178275.439037103,2244
"Stoke Mandeville BUASD",484035.443123778,210791.015394273,3342
"Stoke Poges BUASD",497939.438992072,184000.811349852,5225
"Stoke sub Hamdon BUASD",347458.768327357,117544.124803433,1462
"Stonebroom BUASD",440640.053384876,359241.39111773,2628
"Stonehouse BUASD",380525.922804955,205557.292475788,7725
"Stonnall BUASD",407225.076144741,303876.85856667,1546
"Stourbridge BUASD",390414.068103067,283606.131288908,65187
"Stourport-on-Severn BUASD",380850.184924115,271446.313371882,20292
"Stowmarket BUASD",604869.403491645,258531.996692326,19280
"Stowupland BUASD",606639.688960217,259885.528445057,2263
"Stratton BUASD",222747.816029945,106296.7562758,1920
"Streatley BUASD",458830.988332473,180737.612396786,1356
"Streethouse BUASD",439631.650474087,420272.820179302,1609
"Stretford BUASD",379416.729412631,394903.827024829,24563
"Stretton BUASD",439158.72232755,359761.27454337,1541
"Stroud BUASD",384222.34707821,204949.084803533,31943
"Sturry BUASD",617945.166795336,160751.070842211,4427
"Summit BUASD",394430.735588544,418276.859348563,1425
"Sunderland BUASD",438099.616080551,556334.727519855,174286
"Sunniside BUASD",420655.957849444,558954.868144502,4344
"Sutton BUASD",526255.458536782,164501.420713405,209754
"Sutton Coldfield BUASD",411409.564862433,296474.340121537,110064
"Sutton Courtenay BUASD",450016.139636265,193271.032398246,2771
"Sutton in Ashfield BUASD",449155.999044208,359325.973170187,46753
"Sutton Lane Ends BUASD",393145.112839121,371058.813098782,2357
"Sutton Valence BUASD",581235.808059923,148791.348482729,1288
"Swadlincote BUASD",429803.106131282,319476.470134634,43526
"Swallowfield BUASD",472809.091376519,164761.803828765,1204
"Swallownest BUASD",445631.129688154,385454.174969015,16045
"Swanland BUASD",499685.90264987,428203.595810787,3099
"Swanley BUASD",551253.384085277,168743.393540176,16226
"Swannington BUASD",441427.547407989,316139.606329231,1270
"Swanscombe BUASD",559180.6797258,174494.19500398,20308
"Swansea BUASD",264786.913000916,194885.714957361,179472
"Swindon BUASD",414933.909380243,185828.622902466,183760
"Swinton BUASD",377280.291958268,401447.919679603,29387
"Syston BUASD",462467.364143541,311295.499759869,12804
"Tadley BUASD",459680.821961475,161849.463453922,14012
"Taff's Well BUASD",312688.596950306,182998.322770873,4794
"Tamworth BUASD",422084.042090318,302937.142218687,73987
"Taplow BUASD",490959.004276211,182021.311316072,1669
"Taunton BUASD",322859.531416601,124780.550326438,60785
"Taverham BUASD",617058.685187319,314403.835058001,15631
"Teignmouth BUASD",293611.788101723,73634.3480361948,14749
"Telford BUASD",368504.23033509,309528.428883932,139818
"Temple Cloud BUASD",362318.4111872,158088.532160649,1292
"Teversham BUASD",549789.55005416,258008.167831649,1612
"Thatcham BUASD",451618.871765074,167388.61150752,25267
"Theale BUASD",464130.465149283,171315.010636265,2835
"Thornaby-on-Tees BUASD",445576.055404077,516734.339471383,24741
"Thorne BUASD",468953.233988691,413345.853582641,12687
"Thornton (Bradford) BUASD",409909.183067574,432879.258386323,6405
"Thornton (Wyre) BUASD",333921.123176632,442740.806458465,18098
"Thorpe End BUASD",627953.03396434,311190.516385174,1502
"Thorpe Hesley BUASD",437763.543131442,396091.236963002,4136
"Thrapston BUASD",500017.815955098,278643.579638543,6239
"Threemilestone BUASD",178089.661128678,44804.9247720761,2709
"Throckley BUASD",415724.348449368,566621.318060827,5705
"Thurnscoe BUASD",445614.45772814,405738.225059745,8687
"Tickton BUASD",506477.98611586,441865.541335398,1731
"Tilbury BUASD",564419.462463164,176551.384209871,13055
"Tintwistle BUASD",401952.305366749,397067.421311593,2101
"Tipton BUASD",396372.521197365,292911.864151465,41409
"Todwick BUASD",449528.338602046,384074.480062316,1444
"Tollerton BUASD",460897.50321389,334204.782142398,1883
"Tonypandy BUASD",299564.463995642,192084.731362344,17571
"Topsham BUASD",296423.99664798,88382.8794389637,3904
"Torquay BUASD",291597.39477691,65309.511834852,49094
"Totton BUASD",434921.121701801,113476.277130474,28970
"Tower Hamlets BUASD",536199.106653047,181595.714464047,254096
"Town Row BUASD",556597.209395765,130042.781849601,1147
"Towngate BUASD",349265.521288937,414808.381137683,1462
"Trawden BUASD",391114.374366651,438706.774369327,1877
"Treharris BUASD",309850.945400969,196895.114799985,8241
"Treherbert BUASD",293531.137381149,198720.559871849,5727
"Trelales BUASD",287590.996843075,179828.022216394,1413
"Treorchy BUASD",295468.149497205,196758.80657747,7694
"Trevor BUASD",326820.137934637,342341.274866593,2059
"Trewoon BUASD",199280.473573623,52829.2542748541,1426
"Trimley St Mary BUASD",627977.834095018,236851.731843085,5607
"Trowbridge BUASD",385625.660263384,157831.170516023,38391
"Trowse Newton BUASD",624875.302462654,306484.178340548,1475
"Truro BUASD",182189.029058318,44978.0023034118,20332
"Tumble BUASD",253709.70320091,212001.965818139,1906
"Tutbury BUASD",421063.291742721,328632.435668649,3076
"Tycroes BUASD",259884.362254022,210910.282257842,4350
"Tye Green (Braintree) BUASD",578203.549226475,220935.504737203,2311
"Tyldesley BUASD",369900.354932778,401563.678454986,17684
"Tylorstown BUASD",300916.997032907,194789.986381272,4546
"Tynemouth BUASD",434420.537815798,569412.340949446,67918
"Uckfield BUASD",547542.555104185,121112.254997423,14493
"Undy BUASD",343039.082659373,187292.756510604,6140
"Upper Beeding BUASD",519578.583274412,110727.369828269,3975
"Upper Killay BUASD",258898.352542089,192394.550069854,1331
"Uppermill BUASD",399372.855125244,405483.188728985,13814
"Urmston BUASD",375891.905589386,394968.864278438,43287
"Ushaw Moor BUASD",423286.51188706,542418.458483178,5653
"Wakefield BUASD",432707.678686174,420622.887962989,98287
"Walkden BUASD",373008.863612328,402006.079590023,19099
"Wallasey BUASD",330674.523755872,392232.946254454,60816
"Wallingford BUASD",460253.984025016,189506.666202621,7918
"Wallsend BUASD",430684.883124761,567503.838040282,44137
"Walsall BUASD",401416.134362706,297876.576314715,68074
"Walter's Ash BUASD",484272.157001377,197536.275466691,2792
"Waltham Abbey BUASD",539235.102509456,200561.389671272,18913
"Waltham BUASD",525761.713510126,403716.54922239,7017
"Waltham Chase BUASD",456179.600202052,115252.95487425,2736
"Waltham Cross BUASD",536256.792543096,200642.164792037,11197
"Waltham Forest BUASD",537900.911038367,189461.735023543,258249
"Walton-on-Thames BUASD",510235.549675616,167243.943598677,64569
"Walton-on-the-Naze BUASD",624235.558787887,221490.971946795,10535
"Walton BUASD",435633.584125387,417111.408776676,2931
"Walwen BUASD",320861.153821163,376168.188683192,2224
"Wanborough BUASD",421078.02647896,182977.287141101,3326
"Wandsworth BUASD",526440.537311415,174012.032573434,308319
"Warden BUASD",602129.55291102,171671.110845894,1341
"Ware BUASD",535895.153343404,214680.852936131,18799
"Wareham BUASD",392061.436184162,88005.4863209824,5496
"Waresley BUASD",384298.744034455,270467.233722027,2714
"Wargrave BUASD",479229.445508543,178745.432411519,3025
"Warlingham BUASD",535450.048071849,158515.342424335,6927
"Warton BUASD",349876.213711309,472340.958761519,2360
"Warwick BUASD",428800.172969151,265105.823280752,30114
"Washington BUASD",430849.526129034,555596.834094018,67555
"Watchfield BUASD",425332.291694473,190447.590646675,2319
"Water BUASD",383977.481230717,425205.132094318,1430
"Waterbeach BUASD",549399.925352803,265698.575980972,6014
"Watford BUASD",510753.102636289,197644.752490216,131214
"Wath upon Dearne BUASD",443923.6235413,399922.424069463,32781
"Watton BUASD",592126.961045232,300688.815539394,8263
"Waverton BUASD",344832.200245196,365030.49343305,4728
"Wednesbury BUASD",399398.180491041,295463.175083053,19191
"Wednesfield BUASD",395414.058986975,301054.566363372,25837
"Weeley BUASD",614726.065142235,222088.751754337,1429
"Weldon BUASD",492511.47081668,289666.136865618,1442
"Welham Green BUASD",523255.866023048,205420.982462352,3741
"Wellingborough BUASD",488518.035305327,268097.431873636,49087
"Wellington BUASD",313816.372732253,120647.363351586,11213
"Wells BUASD",354782.56231659,145810.209032307,10536
"Welshpool BUASD",322650.675961811,307781.097129093,6664
"Welton BUASD",501325.48128852,380051.277602975,3918
"Welwyn BUASD",522995.442027752,216072.731411418,4037
"Welwyn Garden City BUASD",524722.653003937,212683.954463787,48248
"Wendover BUASD",487050.908716298,208404.581034003,8334
"West Bridgford BUASD",458606.573094361,336720.663916208,45858
"West Bromwich (East) BUASD",404060.740514032,293983.116853484,19541
"West Bromwich BUASD",400502.619844792,292931.50468024,72631
"West Hallam BUASD",442664.772395467,341758.469736234,7080
"West Hendred BUASD",445157.169819704,188606.303126291,1623
"West Kingsdown BUASD",557412.62367677,163383.411083561,6062
"West Kirby BUASD",322189.042809282,386656.878901255,14959
"West Walton BUASD",547769.053043074,313257.986922781,1324
"West Wellow BUASD",429538.471630218,119120.085114078,3267
"Westergate BUASD",495148.32900219,105142.43344084,10073
"Westhoughton BUASD",365549.705758706,405653.0521566,24131
"Westhumble BUASD",516864.414477696,151690.693444195,1995
"Weston-Super-Mare BUASD",334236.621506392,161656.541725881,84647
"Weston BUASD",368742.281168899,71560.1047943655,5111
"Weston Rhyn BUASD",328853.988302499,336110.364562338,2850
"Westonzoyland BUASD",335021.803588961,134872.594429419,1425
"Wetheral BUASD",346210.822961071,555010.832547827,1439
"Wetherby BUASD",440172.114102643,448779.358241141,11099
"Weybridge BUASD",507682.223630423,163444.372749787,29525
"Weymouth BUASD",367369.640500538,80080.7107549917,53830
"Whalley BUASD",372732.774328378,436924.937070199,3895
"Wharncliffe Side BUASD",429710.369360578,394788.022233735,1355
"Wheatley BUASD",459574.56082384,205567.508162488,3913
"Wheelton BUASD",359262.316397718,420442.810454511,2239
"Whetstone BUASD",456297.399227918,297093.89796495,13410
"Whickham BUASD",420467.47918207,561017.518543617,16328
"Whitburn BUASD",440644.019334614,562447.08974452,5270
"Whitchurch BUASD",355146.214192029,217395.709015074,1567
"Whitefield BUASD",380934.729855703,405763.190129863,20994
"Whitehaven BUASD",298044.139476066,517218.261502267,25342
"Whitehill BUASD",425280.489395743,551483.094945009,1558
"Whitley Bay BUASD",434473.874973375,572275.310103263,36445
"Whitley BUASD",387586.263083649,166029.991326768,2695
"Whitnash BUASD",432435.655828144,263295.611806739,9572
"Whitstable BUASD",611459.12048493,166022.298112065,32893
"Whitworth BUASD",388470.683918858,418220.774935065,7500
"Wickford BUASD",574912.20184041,193217.838039642,34216
"Wigan BUASD",356060.443419875,405119.285606024,105107
"Willaston BUASD",333126.220775594,377876.02745437,2625
"Willenhall BUASD",397253.467435988,300117.550871827,51050
"Wilmslow BUASD",384824.297274334,381320.009341531,35508
"Wilsden BUASD",409160.228755807,436239.399430866,3284
"Wimborne Minster BUASD",402362.293977046,100370.45203211,15147
"Winchester BUASD",447417.300608019,129516.463421919,44714
"Windermere BUASD",341272.036428916,498140.586786723,6384
"Windsor BUASD",495118.589577238,176250.283884571,30761
"Winford BUASD",456427.566528752,83875.9520428551,1464
"Wingerworth BUASD",437869.649778655,367436.942619874,5485
"Wisbech BUASD",546882.637907026,309286.925802582,32082
"Witherley BUASD",432865.996336625,297460.766155665,1373
"Withnell BUASD",363356.328768552,422176.597311298,1341
"Witton Gilbert BUASD",423624.377931506,545907.932228911,3102
"Wivelsfield BUASD",534494.920157281,120196.886992003,1980
"Wivenhoe BUASD",604026.348456654,222294.553778844,6634
"Woburn Sands BUASD",493180.344669397,236103.85852377,5885
"Woking BUASD",500091.700359277,159200.247763367,105758
"Wokingham BUASD",480355.685253793,167938.336725532,42329
"Woldingham BUASD",536956.597549868,156008.403115211,2141
"Wolverhampton BUASD",390889.489749742,299061.16740478,210657
"Wombwell BUASD",440125.776639615,403398.020802768,22825
"Woodbridge BUASD",626957.639081646,249502.14415673,11341
"Woodcroft BUASD",354623.282816983,195778.231022553,1173
"Woodend BUASD",441466.841489291,428266.683910471,5292
"Woodingdean BUASD",536069.817443129,105568.24308456,9793
"Woodley BUASD",476850.942593808,172560.098203187,36970
"Wootton (Bedford) BUASD",500811.790903202,245324.163862254,4156
"Worcester BUASD",385481.378377725,255330.34893917,100784
"Worden BUASD",356705.657943085,420283.592184158,4501
"Workington BUASD",299938.53330695,527304.918629893,22335
"Worksop BUASD",458708.745852005,379904.210515774,41282
"Wormley BUASD",494799.60720178,138548.387310999,1577
"Worsbrough BUASD",435551.00047928,404194.657904243,9416
"Worsley BUASD",372902.448696934,400946.771664934,8764
"Worsthorne BUASD",387573.407526451,432426.50821517,1221
"Worthing BUASD",513187.941371876,103784.365482733,109120
"Worthington BUASD",357907.362235033,409693.589147073,1855
"Wraysbury BUASD",498903.125278995,174269.514079633,6643
"Wrexham BUASD",333193.972309967,351399.35684894,61653
"Wythall BUASD",408511.535693195,275433.002328974,2435
"Yalding BUASD",569949.303072739,150285.212356716,1365
"Yapton BUASD",498046.3483616,103051.761560749,4043
"Yarmouth BUASD",435964.775346808,89572.8189465369,1186
"Yate BUASD",371130.020776373,182306.208252661,29184
"Yateley BUASD",481425.366034956,160516.450977459,14829
"Yatton BUASD",343272.300870406,165911.089734997,9273
"Yeadon BUASD",420764.391202792,440561.856690806,21478
"Ynysddu BUASD",317982.726600456,192837.203129068,1581
"York BUASD",459965.876996276,452019.089777923,154123
"Ystrad Mynach BUASD",314491.016078996,195563.530633021,18843
"Ystradgynlais BUASD",277834.51003744,209690.210416049,9687
