"TTWA11NM","total.pop","n.bua","rci01","rci11","rcidiff","rci01_main","rci11_main","rcidiff_main","work01","work01_exp","work11","work11_exp","workdiff","workdiff_exp","geo04","geo10","geodiff","type"
"London",8023279,36,0.116119400388925,0.0577925832958499,-0.0583268170930751,0.153199339273442,0.0728172770513993,-0.0803820622220428,0.207036120694283,0.217849162698258,0.0981664339910822,0.116364082578002,-0.108869686703201,-0.101485080120256,0.180371459066464,0.108753380452754,-0.0716180786137102,"jsa"
"Manchester",2614413,11,0.14082115291535,0.0955778463206798,-0.0452433065946707,0.188044471465332,0.0905064449675592,-0.097538026497773,0.17014622731449,0.240802710385651,0.0797981580262785,0.141054599549761,-0.0903480692882113,-0.0997481108358897,0.150159384659446,0.122997703628357,-0.0271616810310888,"jsa"
"Birmingham",1704676.7,8,0.0784072405076017,0.013875454851302,-0.0645317856562997,0.281644592359669,0.223965000572377,-0.0576795917872914,0.235023152937401,0.277194443130611,0.178534884249075,0.208291310961044,-0.0564882686883266,-0.0689031321695666,0.205182318545042,0.171384756023485,-0.0337975625215563,"jsa"
"Slough and Heathrow",1596835,12,0.0185642140153277,-0.0112125416551976,-0.0297767556705253,0.122140933571814,0.124417672661707,0.00227673908989345,0.0917503383532789,0.145562138894036,0.0498486611804765,0.111014892547644,-0.0419016771728025,-0.0345472463463921,0.0841642812874284,0.0620225622723751,-0.0221417190150532,"jsa"
"Newcastle",1042382,5,0.152363782478346,0.118132015171199,-0.0342317673071477,0.0903758579835596,0.0691365671856659,-0.0212392907978938,0.141335905012937,0.149536470301655,0.143630080433212,0.109140342622709,0.00229417542027477,-0.040396127678946,0.124666489338495,0.10374315500772,-0.0209233343307744,"jsa"
"Liverpool",982372,8,0.11732634251365,0.0945355773135077,-0.022790765200142,0.193738449584856,0.163800558620693,-0.0299378909641632,0.0864689862042667,0.203016677658638,0.0605094858014468,0.175060010000919,-0.0259595004028199,-0.027956667657719,0.115708881983636,0.0959105800605755,-0.0197983019230605,"jsa"
"Leicester",927641,6,0.293853269989256,0.240303396586825,-0.0535498734024316,0.277122544947559,0.250175603906428,-0.0269469410411318,0.12841065192984,0.309878234377152,0.136488777728857,0.268919574524716,0.00807812579901679,-0.0409586598524356,0.267654208607524,0.215004093861978,-0.0526501147455463,"jsa"
"Sheffield",839300,4,0.178297009060032,0.125265999190702,-0.0530310098693292,0.140724751445532,0.0521554486713001,-0.088569302774232,0.0519890862765067,0.187046365883674,0.106430377518961,0.110023658059561,0.0544412912424548,-0.0770227078241135,0.133244191607332,0.0933862232549245,-0.0398579683524076,"jsa"
"Bristol",808424,3,0.285296899659244,0.212953233455181,-0.0723436662040626,0.284767404880569,0.212822331974593,-0.0719450729059758,0.0643618151131591,0.27256145000635,0.127706606686559,0.195050100926039,0.0633447915733996,-0.0775113490803108,0.205453097483058,0.172004762465974,-0.0334483350170842,"jsa"
"Warrington and Wigan",800714,6,0.171351986163785,0.178471419828441,0.00711943366465562,0.0135341283446735,-0.00547489704970872,-0.0190090253943822,0.0540593377834853,0.156035811080784,0.0429753544588607,0.166873186048207,-0.0110839833246246,0.0108373749674229,0.109139016108259,0.156621824410138,0.0474828083018792,"jsa"
"Nottingham",799421,4,0.183313738462374,0.121412756419403,-0.061900982042971,0.188890003199788,0.127325172178416,-0.0615648310213714,0.0155509838527053,0.211630911219515,0.0586719787669665,0.15911739839575,0.0431209949142612,-0.052513512823765,0.189498789279327,0.162994991392054,-0.0265037978872726,"jsa"
"Leeds",787579,5,0.297109898505994,0.256888969655165,-0.0402209288508288,0.332665034831621,0.281464682163886,-0.0512003526677347,0.0932627912427506,0.312972695736107,0.126999664143739,0.274654328722164,0.0337368729009881,-0.0383183670139431,0.226737362365498,0.193061177195148,-0.03367618517035,"jsa"
"Cardiff",766573,3,0.0158913895527633,0.00236345846772679,-0.0135279310850365,0.0136872900345963,0.000778601104656218,-0.0129086889299401,-0.0531772826122108,0.0150488917684299,-0.0586502169926177,0.00916707590099008,-0.00547293438040697,-0.00588181586743985,NA,NA,NA,"jsa"
"Wolverhampton and Walsall",750961,10,0.225579004693913,0.212460670488838,-0.0131183342050747,0.198192074323458,0.187349432437259,-0.0108426418861995,0.178558950951299,0.283809343999565,0.191957985865741,0.27061717908984,0.0133990349144426,-0.0131921649097251,0.188698688257404,0.154840270612226,-0.0338584176451775,"jsa"
"Luton",708876,5,0.176009052441827,0.125132964627085,-0.0508760878147427,0.228550611167464,0.167626786155324,-0.0609238250121393,-0.103750944384672,0.264617151358266,-0.08904952366467,0.202415969804008,0.0147014207200016,-0.0622011815542578,0.159508323701857,0.127570709325397,-0.03193761437646,"jsa"
"Cambridge",688137,4,0.148000265014844,0.0953273763370532,-0.0526728886777903,-0.0238812450393482,-0.150277067626106,-0.126395822586758,0.0787198342155477,0.167510891382904,0.0863321555633831,0.142643177781338,0.0076123213478354,-0.0248677136015658,0.138459408016445,0.132004381112409,-0.00645502690403532,"jsa"
"Southampton",671025,4,0.248996160613331,0.229375452060083,-0.0196207085532478,0.309418737261581,0.258738832615023,-0.0506799046465574,0.0665695872772574,0.281552322880458,0.0949134479534735,0.225780293632653,0.0283438606762161,-0.0557720292478052,0.251184835148081,0.244724429427066,-0.00646040572101469,"jsa"
"Guildford and Aldershot",640765,7,0.0841701654183566,0.162481701582351,0.0783115361639943,-0.0184514169172587,0.0114267175384555,0.0298781344557142,-0.0357818489083002,0.0851183610358532,0.022617382127919,0.180750890551536,0.0583992310362191,0.095632529515683,0.110173716472616,0.172585030064226,0.0624113135916105,"jsa"
"Crawley",606462,9,0.12614752450861,0.164989307295571,0.0388417827869603,0.128121162759754,0.163766388654949,0.0356452258951947,-0.0268117222312867,0.142070263882971,0.0326468414006627,0.16222733614012,0.0594585636319493,0.0201570722571489,0.0948966734807186,0.143617208651705,0.0487205351709861,"jsa"
"Medway",602261,7,0.0828772215120637,0.11919567032183,0.0363184488097659,-0.127195882751451,-0.0828795992499778,0.0443162835014732,0.0537182602802773,0.174696086197287,0.0605758526747877,0.181218641121944,0.00685759239451045,0.0065225549246577,0.190050772978907,0.214402219509481,0.0243514465305736,"jsa"
"Coventry",592354,4,0.124070033905554,0.101084074500307,-0.0229859594052471,0.164936019190066,0.145593258217104,-0.0193427609729611,0.0120644997158763,0.21090281705267,0.0287168778179563,0.169375759167764,0.01665237810208,-0.0415270578849061,0.153306532826264,0.16736810902313,0.0140615761968661,"jsa"
"Southend",568702,4,0.204437146680647,0.166180370950343,-0.0382567757303036,0.115754276241191,0.043227185237285,-0.0725270910039058,-0.109719887858574,0.234689923800261,-0.0409240593501465,0.200187060217445,0.0687958285084278,-0.0345028635828157,0.0915589540187227,0.0991547683833005,0.00759581436457779,"jsa"
"Portsmouth",547092,3,0.145376920119318,0.160763776604469,0.0153868564851507,0.170747662791797,0.169917580958071,-0.000830081833726126,-0.0530665134587167,0.18604820407856,0.00388774818672744,0.191935779485021,0.0569542616454441,0.00588757540646156,0.185043626061116,0.156570526850487,-0.028473099210629,"jsa"
"Oxford",544006,7,0.260033973798812,0.12929433033483,-0.130739643463983,0.257658567085002,0.13249744904148,-0.125161118043522,0.214081427930239,0.224728207792111,0.152788430836679,0.169656643706986,-0.0612929970935596,-0.0550715640851251,0.202808042198683,0.15460298265819,-0.0482050595404928,"jsa"
"Reading",543117,4,0.2645544600785,0.243948725832809,-0.0206057342456916,0.205049938954602,0.173689865924999,-0.0313600730296031,-0.0912438955757011,0.303699961770661,-0.0972614718168074,0.269034343796307,-0.00601757624110633,-0.0346656179743547,0.23174965789633,0.189946690652761,-0.0418029672435694,"jsa"
"Dudley",538577,9,0.0612885983531868,0.0381688163367215,-0.0231197820164653,0.118170889081469,0.118733100926079,0.000562211844609806,0.139076256625259,0.184695941862202,0.147301980292667,0.174865291328814,0.00822572366740815,-0.00983065053338805,0.127001635198638,0.115055332462788,-0.0119463027358506,"jsa"
"Stoke-on-Trent",529900,5,0.154617117368147,0.205809131811606,0.0511920144434583,0.175429883611059,0.228001931665318,0.0525720480542589,0.0756698983651347,0.179187615086718,0.147936938736748,0.225256715090694,0.0722670403716137,0.0460691000039759,0.194980670303167,0.189672329615149,-0.00530834068801767,"jsa"
"Bradford",528846,3,0.232665303659701,0.15005084367624,-0.0826144599834606,0.237011703711104,0.152440496636899,-0.0845712070742053,0.118115095544596,0.26744637233503,0.0911550653741386,0.18370528044251,-0.0269600301704571,-0.0837410918925201,0.191263891503581,0.113617002897186,-0.0776468886063952,"jsa"
"Hull",510860,4,0.242830290985111,0.284593472901761,0.0417631819166502,0.237147168122007,0.278500485987976,0.0413533178659691,0.195328967162723,0.239471451973927,0.249790903677621,0.256248103045294,0.0544619365148975,0.0167766510713676,0.197627884393057,0.181997018625623,-0.0156308657674344,"jsa"
"Middlesbrough and Stockton",481619,2,0.180672243815394,0.189898129207236,0.00922588539184233,0.194136605204562,0.198086335076681,0.00394972987211872,0.114458417433852,0.225672188177768,0.114407707982281,0.235813886648046,-5.07094515711515e-05,0.010141698470278,0.181497970291773,0.229994307618199,0.0484963373264264,"jsa"
"Chelmsford",472002,7,-0.0212094483615459,0.0350335507825719,0.0562429991441178,-0.0152239127380938,0.047179916018095,0.0624038287561888,-0.0633420162846789,0.0536085081688356,-0.0213929097648986,0.121853860335932,0.0419491065197803,0.0682453521670965,0.0706957612754024,0.12553484689748,0.0548390856220777,"jsa"
"Norwich",458432,2,0.239253781021375,0.195846027081771,-0.0434077539396043,0.238995683067955,0.195866220458655,-0.0431294626093006,0.155724410856948,0.26232640744675,0.146942336675451,0.252661542593856,-0.00878207418149657,-0.00966486485289408,0.216674836763644,0.211544469661263,-0.00513036710238168,"jsa"
"Derby",425870,5,0.304975927869378,0.268685297551187,-0.0362906303181916,0.305200853321296,0.269728753564536,-0.0354720997567597,0.0608835227983917,0.358190000863743,0.0657713206239094,0.320149421613436,0.00488779782551774,-0.0380405792503069,0.293547462293645,0.254035859160936,-0.0395116031327092,"jsa"
"Preston",413611,6,0.204298958932029,0.164364959584518,-0.039933999347511,0.212387342157555,0.177496970471068,-0.0348903716864868,0.0395810769006886,0.261322786128275,0.0589173869565371,0.24475379521914,0.0193363100558486,-0.0165689909091356,0.275781451049369,0.20777753414761,-0.068003916901759,"jsa"
"Exeter",412026,3,0.110114369502242,0.121692161316389,0.0115777918141475,0.0820022853462916,0.0937677171845337,0.0117654318382421,0.0434745409060042,0.160105053776277,0.0502854348404895,0.219233945064445,0.00681089393448531,0.059128891288168,0.171424394610213,0.227151727324511,0.055727332714298,"jsa"
"High Wycombe and Aylesbury",398556.9,6,0.249771413223854,0.209872150951355,-0.039899262272499,0.127419203130401,0.0687952997108283,-0.0586239034195728,-0.0730561542623462,0.290344455436085,-0.0758659581147469,0.26568393692142,-0.00280980385240071,-0.0246605185146649,0.193321502509349,0.156487597583691,-0.0368339049256576,"jsa"
"Swansea",392995,1,0.0902043912646064,0.0721919206203268,-0.0180124706442797,0.0902043912646064,0.0721919206203268,-0.0180124706442797,0.062679094778602,0.105584779095466,0.0853656546499053,0.114646235759679,0.0226865598713033,0.0090614566642131,NA,NA,NA,"jsa"
"Sunderland",390020,4,0.0808195577777866,0.0612083092807012,-0.0196112484970854,0.117641255137741,0.0838413405260212,-0.0337999146117198,0.0250972852608129,0.103754842910888,-0.00414307688423321,0.106012652485518,-0.0292403621450461,0.00225780957462973,0.147056318892439,0.120105618476785,-0.0269507004156537,"jsa"
"Huddersfield",372057,4,0.226159318757311,0.196800803851971,-0.0293585149053399,0.127060597222595,0.0873658212801303,-0.0396947759424648,0.0593294628335457,0.243937331119056,0.0911889315334378,0.214336344193242,0.0318594686998921,-0.0296009869258143,0.177294875146117,0.105679260593391,-0.0716156145527265,"jsa"
"Swindon",369269,4,0.246374113313735,0.262692665926423,0.0163185526126881,0.249432872857412,0.26526207476654,0.0158292019091277,0.109288125839953,0.238421828962274,0.0997485136389997,0.27395723756959,-0.00953961220095323,0.0355354086073163,0.233400189143552,0.20336517883085,-0.0300350103127016,"jsa"
"Ipswich",367864,3,0.241909240283448,0.268107147954183,0.0261979076707348,0.241986137200911,0.26880292724276,0.026816790041849,0.123517615545154,0.254185006172293,0.149690536308754,0.308095150882153,0.0261729207635994,0.0539101447098602,0.213672545402957,0.226394676760535,0.0127221313575774,"jsa"
"Stevenage and Welwyn Garden City",360321,5,0.107172822517114,0.108929753447583,0.00175693093046903,0.10560696633749,0.101233925127772,-0.0043730412097176,-0.0230353707809172,0.158327243070346,-0.00496465067993768,0.144660529921538,0.0180707201009795,-0.0136667131488082,0.145389378961553,0.160233895991993,0.0148445170304399,"jsa"
"Milton Keynes",356186.1,4,0.192752936132138,0.210685435781329,0.0179324996491914,0.193250323843088,0.215357263474587,0.0221069396314988,0.0238000930122126,0.228522551060436,0.0162724402323846,0.243451966654987,-0.00752765277982803,0.0149294155945512,0.188063382283829,0.201792004293466,0.0137286220096371,"jsa"
"Plymouth",348724,2,0.28687776837431,0.262538720432332,-0.0243390479419787,0.286862895902786,0.262468662903089,-0.0243942329996969,-0.029846242518488,0.281892389793114,-0.0221965814534428,0.25859647276414,0.00764966106504517,-0.0232959170289746,0.221954918137897,0.251232856387446,0.0292779382495496,"jsa"
"Bournemouth",342892,2,0.257851323045173,0.242338846690373,-0.0155124763548002,0.257753657227113,0.242170529215329,-0.0155831280117837,0.0908563076155957,0.269563227979503,0.105972970714987,0.257921721254917,0.0151166630993913,-0.0116415067245867,0.215302937781104,0.197503167240313,-0.0177997705407904,"jsa"
"Lincoln",342260,5,0.0758244875243577,0.0957541170983944,0.0199296295740368,0.0738651386941598,0.0976958668129413,0.0238307281187815,0.00710836653529157,0.23181686295105,0.0249577227638014,0.236469439411621,0.0178493562285098,0.00465257646057182,0.221292134014902,0.23083416584268,0.00954203182777746,"jsa"
"Birkenhead",339523,3,0.254635348947275,0.262347798783139,0.00771244983586428,0.273521039257943,0.284122262585441,0.0106012233274981,0.177854204481847,0.269132545294852,0.220648440678701,0.285029203364729,0.0427942361968547,0.0158966580698774,0.16284945724243,0.17541389365897,0.0125644364165396,"jsa"
"Peterborough",334504,2,0.319529312148447,0.269618372962185,-0.0499109391862618,0.319763520746491,0.26961522933837,-0.0501482914081208,0.121698635397308,0.305525220406423,0.156788672989777,0.267236985182208,0.0350900375924681,-0.0382882352242149,0.215145741344585,0.183609048878836,-0.0315366924657496,"jsa"
"Wakefield and Castleford",333324,4,-0.00186745213693484,0.0319460392033335,0.0338134913402683,-0.00504844153788042,0.0299769716313136,0.0350254131691941,-0.0436592840866439,0.054661443391339,-0.00523622907044796,0.0812400949247802,0.0384230550161959,0.0265786515334412,0.126983385816786,0.133773482606941,0.00679009679015508,"jsa"
"Blackburn",331514,4,0.222476884652096,0.134083267751336,-0.0883936169007598,0.21328503910587,0.130555217090432,-0.0827298220154375,0.074934068741058,0.2487414545799,0.0480671218319202,0.197258357659322,-0.0268669469091378,-0.0514830969205775,0.222772789094094,0.217551145452774,-0.00522164364132038,"jsa"
"Brighton",331439,1,0.329824508214998,0.133718180192545,-0.196106328022452,0.329824508214998,0.133718180192545,-0.196106328022452,-0.0436826518285329,0.323016373420487,-0.0249822169330685,0.131059200341426,0.0187004348954645,-0.191957173079061,0.260859940696264,0.10794366504993,-0.152916275646334,"jsa"
"York",330397,4,0.146305655412348,0.0921258082381939,-0.0541798471741544,0.144596159240209,0.0928313459626509,-0.0517648132775577,0.0658942490438506,0.202718384792192,0.010741056831904,0.18119076089495,-0.0551531922119466,-0.0215276238972422,0.161935883548949,0.184665768068172,0.0227298845192223,"jsa"
"Northampton",325042.5,2,0.194376471837927,0.211154719761339,0.016778247923412,0.193497388229602,0.210101400705966,0.016604012476364,0.0472499089265881,0.255805020110472,0.0806060198161589,0.248503567114284,0.0333561108895708,-0.00730145299618812,0.248366304568407,0.220026071513573,-0.0283402330548341,"jsa"
"Newport",315640,2,0.152121999605484,0.141240509269039,-0.0108814903364447,0.151914098691094,0.14061851564874,-0.0112955830423545,0.0840685796660523,0.122916986740861,0.0606145294315894,0.138801042025307,-0.0234540502344629,0.0158840552844453,NA,NA,NA,"jsa"
"Worcester and Kidderminster",309059,3,0.169224867274792,0.14370950283363,-0.0255153644411621,0.0215865867522353,0.0541038570739687,0.0325172703217333,0.0646332355449175,0.184953822562775,0.0416379685980814,0.191146737823999,-0.0229952669468361,0.00619291526122367,0.19523594344119,0.236862934519408,0.0416269910782177,"jsa"
"Chester",303153,5,0.0518532501385351,0.0998718358721646,0.0480185857336295,-0.019071662678769,0.00609126366450141,0.0251629263432704,0.116845072599901,0.138853504802384,0.133551439952257,0.159504259727598,0.0167063673523558,0.0206507549252137,NA,NA,NA,"jsa"
"Doncaster",302402,2,0.105721926136965,0.103576772224997,-0.00214515391196812,0.0990418296492237,0.0950534797025426,-0.00398834994668107,0.0901726771441673,0.135185860710791,0.086432971173835,0.12733145298057,-0.00373970597033235,-0.00785440773022117,0.118747739874053,0.136775000626699,0.0180272607526462,"jsa"
"Crewe",297573,4,0.157455514767932,0.189050658691599,0.031595143923667,0.0787627271647935,0.0808783723846105,0.002115645219817,-0.0298078418915608,0.204486289282755,-0.0374563377352004,0.228261052008932,-0.00764849584363958,0.0237747627261768,0.180237637886236,0.209053250256943,0.0288156123707068,"jsa"
"Mansfield",295098,5,0.122623132182113,0.0823934516483433,-0.0402296805337699,0.0815856487426458,0.0562970033780275,-0.0252886453646184,0.0588941212006802,0.126187862706388,0.0513984491625692,0.103636870919615,-0.00749567203811097,-0.0225509917867726,0.127822723947261,0.131062289219713,0.00323956527245173,"jsa"
"Tunbridge Wells",293097,8,0.0781653159663378,0.0966425372315172,0.0184772212651794,0.116201617920765,0.09719964088832,-0.0190019770324454,-0.0257832269132763,0.100429101763666,0.0343226021475402,0.128289556709234,0.0601058290608165,0.0278604549455679,0.110672410231288,0.157935081553177,0.0472626713218887,"jsa"
"Blackpool",290735,3,0.252384070415459,0.307075930738947,0.0546918603234872,0.255007344959225,0.308466191913141,0.0534588469539159,-0.144257198019616,0.267363531212496,-0.0966345492585461,0.313358388906337,0.0476226487610703,0.0459948576938416,0.254059294103271,0.241764533635674,-0.0122947604675971,"jsa"
"Durham and Bishop Auckland",254861,4,-0.0485561064337787,-0.0346528700272017,0.013903236406577,-0.0434201015786186,-0.0314430851535548,0.0119770164250639,-0.0497950853059308,-0.0152497897501149,-0.0372845300566809,-0.0291132837876802,0.0125105552492499,-0.0138634940375653,0.0940522093683924,0.143882313008078,0.0498301036396853,"jsa"
"Gloucester",250672,1,0.249061332926026,0.240184709864792,-0.0088766230612336,0.249061332926026,0.240184709864792,-0.0088766230612336,0.110697715802139,0.256538978460505,0.120500871641305,0.248508113349885,0.00980315583916536,-0.00803086511061935,0.246968279148774,0.272307018501117,0.0253387393523425,"jsa"
"Barnsley",249887,4,0.0264659644053751,0.0443380952625461,0.017872130857171,0.0246042741818755,0.0432268965166429,0.0186226223347674,0.049494115585702,0.0591761656129677,0.037476368491113,0.0789406092816449,-0.012017747094589,0.0197644436686772,0.12998942959144,0.130266924344056,0.000277494752616292,"jsa"
"Trowbridge",244869,4,0.0596302809552185,0.124493946141634,0.0648636651864152,0.0273418812064108,0.0164079402717903,-0.0109339409346205,-0.0159858160187412,0.11043774275975,0.0226215235522034,0.180835029596359,0.0386073395709445,0.0703972868366094,0.167350331771374,0.174057958958251,0.00670762718687712,"jsa"
"Leamington Spa",242404,7,0.147550803853548,0.20041249454038,0.0528616906868322,0.165079437500054,0.214661433141188,0.0495819956411339,0.0634550081001208,0.192197612773128,0.115241033485617,0.220635740573641,0.0517860253854963,0.0284381278005128,0.159954285157468,0.208263489175934,0.0483092040184658,"jsa"
"Eastbourne",240995,4,0.20295863097769,0.212537255412961,0.00957862443527091,0.186927280781752,0.19767719936042,0.0107499185786679,-0.0634443803007514,0.255301502125036,-0.0289761886759194,0.239803530128782,0.0344681916248319,-0.015497971996254,0.218637569730134,0.177593595577157,-0.0410439741529771,"jsa"
"Basingstoke",238988,3,0.0602539526931452,0.214773104281875,0.15451915158873,0.0805965459070848,0.230213902163221,0.149617356256137,-0.0588325143907866,0.120586465949287,-0.110138980514918,0.241309812094102,-0.0513064661241316,0.120723346144814,0.136174199997903,0.130184329361605,-0.00598987063629863,"jsa"
"Kettering and Wellingborough",236468.5,4,0.180289684403,0.17779556181118,-0.0024941225918198,0.0298259755233161,0.0724984153122321,0.042672439788916,0.0448177437289701,0.186974371593635,0.100473216722868,0.208122952897995,0.0556554729938981,0.0211485813043595,0.137124924587425,0.124069570258499,-0.0130553543289267,"jsa"
"Chichester and Bognor Regis",235055,4,0.0875784314570964,0.147145397241857,0.0595669657847608,0.100660453544187,0.128057876967986,0.0273974234237997,0.000345380228559122,0.0814085953977894,-0.00678752297286422,0.160149260289167,-0.00713290320142335,0.0787406648913773,0.111111410552724,0.172504195606173,0.0613927850534495,"jsa"
"Merthyr Tydfil",229254.572,5,-0.034492693978379,0.0118642489177176,0.0463569428960966,0.000631580489482531,0.039533638598293,0.0389020581088104,-0.00314118809749431,0.0268531961629037,0.0686794923551872,0.0176779625101773,0.0718206804526815,-0.00917523365272643,NA,NA,NA,"jsa"
"Bedford",223409,4,0.302317993872812,0.284837831554988,-0.017480162317824,0.301759120594326,0.287542379845455,-0.0142167407488714,-0.135992406377049,0.318608269333012,-0.113647888175201,0.299256408160474,0.022344518201848,-0.0193518611725381,0.198659184463054,0.180595366051939,-0.0180638184111146,"jsa"
"Chesterfield",223167,2,0.131248519563194,0.11063667617637,-0.0206118433868241,0.133218736424638,0.110086939174998,-0.0231317972496399,0.136207272328718,0.11546444412015,0.120249501133671,0.104362778624953,-0.0159577711950476,-0.0111016654951968,0.158223342039214,0.120181055576403,-0.0380422864628116,"jsa"
"Telford",214030,3,0.11976506501464,0.186630487505724,0.0668654224910838,0.118407413993175,0.186193992326089,0.0677865783329139,0.0660613335989453,0.121719794344358,0.0392698307558774,0.185929013613254,-0.0267915028430679,0.0642092192688963,0.137672590469585,0.171634536355,0.0339619458854159,"jsa"
"Colchester",212641,2,0.145203155822458,0.213068791717191,0.0678656358947336,0.145240717827981,0.21305469219854,0.0678139743705586,-0.0366719304640597,0.144282922804386,-0.0755372857327004,0.205702328883476,-0.0388653552686407,0.0614194060790894,0.14331490658121,0.17327683493523,0.0299619283540196,"jsa"
"Halifax",203826,4,0.164244150134628,0.162986139222419,-0.00125801091220978,0.166097203549619,0.165176576621818,-0.000920626927801038,0.00999598387064538,0.155794383934101,0.0508981569032514,0.175278830286899,0.040902173032606,0.0194844463527986,0.195864370338747,0.17545500559563,-0.0204093647431165,"jsa"
"Poole",202986,2,0.0989959160139833,0.125706213699033,0.0267102976850495,0.10360146045759,0.125295126328616,0.0216936658710267,0.07267386598879,0.129430317803767,0.0670382018801092,0.143556114077072,-0.00563566410868077,0.014125796273305,0.120870348537473,0.132317088529909,0.0114467399924365,"jsa"
"Canterbury",192472,5,0.112402288557718,0.092379956433426,-0.0200223321242916,0.0404869669193673,-0.00158251850434254,-0.0420694854237098,-0.045817306985505,0.0954343825055233,-0.0298119470365208,0.103112385073544,0.0160053599489842,0.00767800256802076,0.158319909929894,0.157136278410668,-0.00118363151922551,"jsa"
"Grimsby",187068,3,0.261167257734066,0.31053178699883,0.0493645292647642,0.261399346704231,0.310471476187764,0.0490721294835339,0.0533392060993449,0.288661849917339,0.0652693354903775,0.335316248101428,0.0119301293910326,0.0466543981840886,0.270610966104947,0.280725470475666,0.0101145043707191,"jsa"
"Burton upon Trent",182799,5,0.208637860366792,0.207582461449789,-0.00105539891700346,0.223283673063698,0.214021697214179,-0.00926197584951893,-0.040884315228908,0.209337049063912,0.0120713774212433,0.212337927201851,0.0529556926501513,0.00300087813793937,0.211507743646187,0.225380236290015,0.0138724926438272,"jsa"
"Margate and Ramsgate",181756,3,0.312862553935396,0.305278122260873,-0.00758443167452327,0.196020654126713,0.230031282929311,0.0340106288025979,-0.0836456609311966,0.272819727239025,-0.0833922537865135,0.25354024417998,0.000253407144683138,-0.0192794830590444,0.241814977112469,0.186747955386167,-0.0550670217263018,"jsa"
"Cheltenham",179099,2,0.164614416692359,0.117460840744208,-0.0471535759481512,0.164614416692359,0.117460840744208,-0.0471535759481512,0.120850917309454,0.186648984829901,0.102377147197046,0.16273787714951,-0.0184737701124078,-0.0239111076803908,0.244775181330958,0.251552065093378,0.00677688376242003,"jsa"
"Worthing",179017,3,0.108615948242473,0.148354623322248,0.039738675079775,0.12185357181972,0.156103276239101,0.0342497044193806,0.0671904925993871,0.137263964462107,0.0161810757276655,0.182299923903116,-0.0510094168717217,0.0450359594410088,0.127215241438073,0.159517136009207,0.032301894571134,"jsa"
"Yeovil",177769,4,0.0564153231790243,0.098408597818846,0.0419932746398217,0.0489146638433269,0.093954206037921,0.0450395421945942,-0.0279296130728568,0.143185722197664,0.000162002014818086,0.156308713929043,0.0280916150876749,0.0131229917313789,0.181815189509024,0.18945251370873,0.00763732419970609,"jsa"
"Burnley",176511,1,0.0356732145697904,0.157844801340687,0.122171586770897,0.0356732145697904,0.157844801340687,0.122171586770897,-0.0143532017039263,0.152884049282086,0.0990085091651807,0.217764660127877,0.113361710869107,0.0648806108457904,0.17049170953392,0.203756731179034,0.0332650216451142,"jsa"
"Llanelli",174186,2,0.122360753075164,0.18105376914901,0.0586930160738461,0.110620893516959,0.160940459943539,0.0503195664265803,0.102912270262486,0.0970905705648022,0.143377436360865,0.113019671625551,0.0404651660983788,0.015929101060749,NA,NA,NA,"jsa"
"Hastings",173759,1,0.278421211300007,0.285083560299455,0.0066623489994484,0.278421211300007,0.285083560299455,0.0066623489994484,-0.199528476768251,0.30139029593996,-0.149004137349721,0.270460073790574,0.05052433941853,-0.0309302221493866,0.305950423272876,0.311551944429745,0.00560152115686918,"jsa"
"Blyth and Ashington",171410,3,0.121621439032261,0.19471633751396,0.073094898481699,0.138853349791901,0.160550333205151,0.0216969834132499,0.0825550288871142,0.0773367907416684,0.0921889800715476,0.140767725849344,0.00963395118443344,0.0634309351076752,0.169278105825512,0.215883250951251,0.0466051451257385,"jsa"
"Scunthorpe",168721,3,0.204148446271539,0.243287833052577,0.0391393867810379,0.188548222101787,0.227120706052411,0.0385724839506238,-0.02786092671208,0.207046921708908,-0.0194354188832762,0.251759141360942,0.0084255078288038,0.044712219652034,0.225747162769153,0.27111868044625,0.045371517677097,"jsa"
"Bath",168465,2,0.176977036815771,0.0707531962486669,-0.106223840567104,0.1759290691625,0.0709785417853936,-0.104950527377106,0.0570825973416902,0.184480433806222,0.0603976943700957,0.08978296284414,0.00331509702840549,-0.0946974709620818,0.185157965334454,0.159337725859785,-0.0258202394746689,"jsa"
"Huntingdon",166331,6,0.0763623971070047,0.0985197620272871,0.0221573649202824,0.0159785011170399,-0.0027040914903651,-0.018682592607405,-0.022313133797276,0.131526228616799,0.0145104592702552,0.162089911632641,0.0368235930675311,0.030563683015842,0.0973538472842037,0.163966282732844,0.0666124354486399,"jsa"
"Bridgend",161169,5,0.00906731960206031,-0.0472360718246279,-0.0563033914266882,-0.0064536611929924,-0.0678985692129643,-0.0614449080199719,0.062315085902803,0.00321191557560496,0.0620207707205012,-0.0475471806142593,-0.00029431518230183,-0.0507590961898643,NA,NA,NA,"jsa"
"Folkestone and Dover",160157,3,0.27492848989894,0.252187383753395,-0.0227411061455456,0.121089428972688,0.118090946676219,-0.00299848229646926,-0.0155638843170038,0.311532944155218,-0.0425411714408241,0.288822623412045,-0.0269772871238203,-0.0227103207431725,0.247478348359074,0.21355236667857,-0.033925981680504,"jsa"
"Hereford",158759,2,0.106645443808581,0.115553874630997,0.00890843082241588,0.123428448240517,0.125643057362844,0.00221460912232629,0.0631410535337054,0.115134657579716,0.0360025848955772,0.174745292993912,-0.0271384686381282,0.0596106354141952,0.122251412836611,0.202662221809582,0.0804108089729709,"jsa"
"Stafford",157430,4,0.192472835060293,0.172711514863614,-0.0197613201966789,0.171404141316266,0.101185055664764,-0.0702190856515017,-0.0791311298210964,0.197213795593292,0.00465734456567191,0.187816277092153,0.0837884743867683,-0.00939751850113879,0.18186439508569,0.232566986617151,0.0507025915314614,"jsa"
"Harrogate",157078,2,0.103403155492231,0.155206361452791,0.0518032059605602,0.103512028489448,0.155159813215093,0.0516477847256454,-0.0201947625397807,0.14243815451146,0.0156216671494533,0.215846067821715,0.035816429689234,0.0734079133102554,0.166745723769743,0.245362252960149,0.0786165291904055,"jsa"
"Torquay and Paignton",155709,2,0.194672144245963,0.230323678641632,0.0356515343956687,0.105628301165822,0.100937062931308,-0.00469123823451412,-0.0195852806740149,0.216526233009787,0.0422840713863906,0.304466579089848,0.0618693520604054,0.0879403460800603,0.168328788226283,0.167408379459175,-0.000920408767107972,"jsa"
"Shrewsbury",154767,5,0.00793858203651965,0.0380629326326734,0.0301243505961537,-0.00828762088427126,0.0224227011713936,0.0307103220556648,-0.00804854509751252,0.0811685629662406,0.0231049028937917,0.125601937469952,0.0311534479913043,0.0444333745037113,0.137771324465909,0.194780319530835,0.0570089950649262,"jsa"
"Weston-super-Mare",154518,2,0.284374683722547,0.337337484845527,0.0529628011229804,0.284837871753354,0.337824814433247,0.0529869426798939,-0.20917885237656,0.265355340089897,-0.203612456169381,0.327532206299935,0.00556639620717903,0.0621768662100379,0.195653162404646,0.255114495763031,0.0594613333583851,"jsa"
"King's Lynn",154515,4,0.138951931343691,0.184490507254608,0.0455385759109177,0.13937976152911,0.182557140228198,0.0431773786990881,0.106470198931962,0.1706512389447,0.12122762793279,0.218150056175816,0.0147574290008272,0.0474988172311157,0.111421659422245,0.155631440002068,0.0442097805798234,"jsa"
"Wrexham",146580,1,0.108336444919388,0.0808384184954818,-0.0274980264239062,0.108336444919388,0.0808384184954818,-0.0274980264239062,-0.0657317779450075,0.112900369535012,-0.0859571207968912,0.0779160287122878,-0.0202253428518837,-0.0349843408227244,NA,NA,NA,"jsa"
"Salisbury",141720,6,0.100512408353172,0.138850222095872,0.0383378137427002,0.102727802985601,0.139727450334775,0.0369996473491732,-0.0447686193121299,0.122999911829137,0.0062798580985266,0.137440698989309,0.0510484774106565,0.0144407871601722,0.111994153593642,0.166229735878041,0.0542355822843987,"jsa"
"Rhyl",140913,7,0.18092011787672,0.233049363294295,0.052129245417575,0.19305150722084,0.22311476145266,0.0300632542318198,-0.0430507001892408,0.186610286166012,-0.00497169537856124,0.242369145449974,0.0380790048106796,0.0557588592839622,NA,NA,NA,"jsa"
"Lancaster and Morecambe",138375,2,0.297194523844929,0.292446954048479,-0.00474756979645008,0.110903557470252,0.099729810015539,-0.0111737474547127,-0.15709318930805,0.17012763525306,-0.127115350939043,0.15211984008743,0.0299778383690068,-0.0180077951656301,0.273775958306125,0.253285011764987,-0.0204909465411376,"jsa"
"Isle of Wight",138265,5,0.111496588577481,0.183631182048728,0.0721345934712474,0.0668700688161756,0.170253686372334,0.103383617556158,0.0164424084094428,0.0831933402815608,0.104975295807961,0.136005452981678,0.0885328873985181,0.0528121127001171,0.204781917762773,0.23654445559071,0.0317625378279374,"jsa"
"Bury St Edmunds",137029,5,0.128709148050774,0.185496136168563,0.0567869881177892,-0.0114597443978219,-0.0135978137899784,-0.00213806939215644,-0.0744342538261975,0.0981827085473519,-0.110180587234328,0.136679113032155,-0.0357463334081309,0.0384964044848033,0.129058598715023,0.155621416011794,0.0265628172967709,"jsa"
"Bangor and Holyhead",131321,2,0.0187537174842092,0.0854516516356938,0.0666979341514846,-0.0617937474987436,-0.14822798064748,-0.0864342331487364,-0.0671044749697458,0.0526165584544493,-0.129365874821524,0.0796845916123772,-0.0622613998517778,0.0270680331579278,NA,NA,NA,"jsa"
"St Austell and Newquay",130688,5,0.154818948767101,0.190323105435308,0.0355041566682068,-0.0444974712551236,-0.020263795174408,0.0242336760807156,-0.127237041106159,0.138725487529939,-0.0863103085372252,0.160178987632602,0.0409267325689342,0.0214535001026626,0.13615100620461,0.190621005000533,0.0544699987959234,"jsa"
"Redruth and Truro",127106,6,0.072350177269275,0.130395892010029,0.0580457147407536,0.112132966941672,0.100086933219558,-0.0120460337221147,-0.0557043833302053,0.0773980020215106,-0.0156600927251809,0.145993310197756,0.0400442906050245,0.0685953081762456,0.0891381607594965,0.151685311427151,0.0625471506676547,"jsa"
"Newbury",127037,5,0.0492332359160272,0.144730389753938,0.0954971538379112,0.0708190226129837,0.15883278256549,0.0880137599525064,0.00175932205544171,0.0523634818561405,-0.0154115893349704,0.183554240866808,-0.0171709113904122,0.131190759010668,0.0310446167632215,0.153103763385207,0.122059146621986,"jsa"
"Lowestoft",125290,2,0.295422883846285,0.343736744836722,0.0483138609904366,0.29656299635214,0.344022882904405,0.0474598865522644,0.14486733631886,0.297067729200922,0.181782135973958,0.344005984137176,0.0369147996550971,0.0469382549362543,0.266422920349942,0.255359121777236,-0.0110637985727067,"jsa"
"Dorchester and Weymouth",121481,3,0.241090793397547,0.229141970907342,-0.0119488224902042,0.241009068995503,0.229339989847311,-0.0116690791481915,-0.00779669027969021,0.173675990952614,-0.0237936710136708,0.14995757407091,-0.0159969807339806,-0.0237184168817031,0.177243872426065,0.164320218493046,-0.0129236539330186,"jsa"
"Taunton",120160,2,0.134519182562585,0.187386602954284,0.0528674203916992,0.134700944936366,0.187688039659008,0.0529870947226421,0.0721808023699992,0.172261196468959,0.151567816364068,0.210436595184419,0.0793870139940687,0.0381753987154596,0.2092889070444,0.243436167725605,0.0341472606812054,"jsa"
"Ashford",117956,2,0.187315720983296,0.237669208331301,0.0503534873480049,0.187424079209734,0.237469198560586,0.0500451193508518,-0.0694291011233084,0.166406912516333,-0.0617405095690167,0.233821135230912,0.00768859155429169,0.0674142227145786,0.172727087519323,0.202214578158635,0.0294874906393119,"jsa"
"Worksop and Retford",117152,4,0.129602784967624,0.117422930490147,-0.0121798544774769,0.0862257360882879,0.0713466390908088,-0.014879096997479,0.0445497684960792,0.11188250862039,0.0570064889947126,0.0808414564278443,0.0124567204986334,-0.0310410521925455,0.205716980795533,0.234003510639592,0.0282865298440598,"jsa"
"Darlington",114403,1,0.211004741029225,0.253645511984576,0.0426407709553516,0.211004741029225,0.253645511984576,0.0426407709553516,0.0179687673305367,0.195633725153776,0.0407681937494573,0.242171058966754,0.0227994264189206,0.046537333812978,0.16904375231967,0.190401359859948,0.0213576075402777,"jsa"
"Clacton",113552,3,0.0650105642855188,0.161844028369607,0.0968334640840887,0.0542027292188259,0.150939107552212,0.0967363783333859,-0.0707681792410675,0.138215404936425,-0.139662351205093,0.173332045391238,-0.0688941719640255,0.0351166404548131,0.161845475973223,0.150374204434979,-0.0114712715382446,"jsa"
"Thetford and Mildenhall",113136,5,0.160605745284524,0.155215643333158,-0.00539010195136669,0.133235243109752,0.164664527141852,0.0314292840321002,-0.0108853787295438,0.122525372347436,-0.0626354427815841,0.17293064048777,-0.0517500640520403,0.0504052681403344,0.185338494516241,0.17948754634104,-0.00585094817520115,"jsa"
"Banbury",112265,3,0.176667559603537,0.282914804060514,0.106247244456977,0.172865514765142,0.277015260190677,0.104149745425534,-0.111959314737696,0.183151719823627,-0.0965152689282434,0.293038482430671,0.0154440458094527,0.109886762607044,0.142877027041212,0.232820959695751,0.0899439326545384,"jsa"
"Northallerton",110133,4,0.101195006638161,0.122781070483889,0.0215860638457279,0.0420484317633019,0.105344316526025,0.0632958847627236,-0.0451208398603811,0.0900887958568148,-0.0349776091227234,0.138200338293245,0.0101432307376577,0.0481115424364305,0.120124107830414,0.164099418317658,0.0439753104872445,"jsa"
"Great Yarmouth",101804,3,0.30887956153726,0.319246352198409,0.0103667906611484,0.365395450151816,0.361712876777368,-0.00368257337444788,-0.0282216588669932,0.366017872250222,-0.0437905811232646,0.355622701302917,-0.0155689222562714,-0.0103951709473051,0.290096549133757,0.29828195384292,0.00818540470916318,"jsa"
"Skegness and Louth",99944,3,0.157166586120784,0.171329402095715,0.014162815974931,-0.0631883198607035,0.136993437101612,0.200181756962316,-0.0545804207055411,0.174030612615944,-0.0859022471820126,0.189908675105318,-0.0313218264764714,0.0158780624893744,0.141167294645609,0.216766949855227,0.0755996552096185,"jsa"
"Bridgwater",97896,2,0.22812646484363,0.247423566376852,0.0192971015332226,0.271434006907867,0.262649274564826,-0.00878473234304167,0.0349464040095562,0.296799176116021,0.0503930241058725,0.317023922356238,0.0154466200963164,0.020224746240217,0.266435891287529,0.264481135294183,-0.00195475599334571,"jsa"
"Hartlepool",96965,1,0.149349520898724,0.182457964901207,0.0331084440024831,0.149349520898724,0.182457964901207,0.0331084440024831,-0.00086497298258692,0.122057555284297,0.00314007389969362,0.186781910675798,0.00400504688228054,0.0647243553915011,0.108820513123206,0.239687830008492,0.130867316885286,"jsa"
"Barnstaple",93667,3,0.111416700164021,0.163869870464509,0.0524531703004882,0.114231748534596,0.163990066486182,0.0497583179515857,0.037945442751969,0.202750184198806,0.0941969158936864,0.283012631933421,0.0562514731417174,0.080262447734615,0.214155801649138,0.25479860229558,0.0406428006464417,"jsa"
"Barrow-in-Furness",93605,2,0.284913816869256,0.302305626675299,0.0173918098060426,0.285033820214121,0.302462893328208,0.0174290731140871,-0.0537955535023826,0.291535787578006,-0.112891168484051,0.2729387601978,-0.0590956149816684,-0.0185970273802063,0.225781216839557,0.189582914234858,-0.0361983026046993,"jsa"
"Cinderford and Ross-on-Wye",93223,4,0.0204309160849441,0.106213234998329,0.0857823189133846,0.0563799179824969,0.11245834499028,0.0560784270077832,0.0803201335220294,0.108705729403177,0.105626662125815,0.173360401503825,0.0253065286037852,0.064654672100648,0.140919855957396,0.187983749476317,0.0470638935189207,"jsa"
"Colwyn Bay",92867,3,0.10351655755932,0.172421617369171,0.0689050598098504,-0.00724650983910635,0.103318854025456,0.110565363864563,-0.00652158642213507,0.120798369693507,0.0716298940578248,0.152510668782362,0.0781514804799599,0.0317122990888556,NA,NA,NA,"jsa"
"Spalding",88270,3,0.00340823065199913,0.037521887702006,0.0341136570500069,-0.0123817183146997,0.0373493717467746,0.0497310900614742,-0.0360729454301936,-0.0182265355582434,-0.0335299932082744,0.0719854208636868,0.00254295222191914,0.0902119564219301,-0.0168822422519153,0.0537309048740369,0.0706131471259521,"jsa"
"Evesham",85311,4,0.118820149941524,0.235443221910465,0.116623071968942,0.116305641168239,0.236346068796401,0.120040427628162,0.0520919126209272,0.123854293036803,0.0996029318707556,0.188036705965487,0.0475110192498285,0.0641824129286839,0.116267413117413,0.182762039792433,0.0664946266750199,"jsa"
"Wisbech",84900,2,0.125414950165869,0.10611370597406,-0.0193012441918086,0.149370482676744,0.186368965546276,0.0369984828695316,0.0213085843635987,0.144846504901736,0.046245862506801,0.13590610390402,0.0249372781432022,-0.00894040099771587,0.128444305155373,0.114520716486833,-0.0139235886685398,"jsa"
"Scarborough",83699,2,0.256596188797928,0.278570923022166,0.0219747342242371,0.256333154641158,0.278630456890266,0.0222973022491075,-0.00867298494545565,0.290811464467918,-0.0297248404218031,0.302683020080657,-0.0210518554763475,0.0118715556127391,0.304678122982434,0.313730785681123,0.00905266269868932,"jsa"
"Andover",81066,2,0.0872040541999048,0.160048883032498,0.0728448288325936,0.0876292284395781,0.1608359482621,0.0732067198225224,-0.0586867185379241,0.117487907063452,-0.084358704424119,0.168030204829105,-0.0256719858861949,0.0505422977656522,0.143995067978821,0.195117257938641,0.0511221899598198,"jsa"
"Boston",79959,1,0.167487225729683,0.169809813659917,0.00232258793023377,0.167487225729683,0.169809813659917,0.00232258793023377,0.00455609659876544,0.167305657099003,0.0282134420572291,0.166928726628168,0.0236573454584637,-0.000376930470835646,0.113902680808994,0.163906110566735,0.0500034297577407,"jsa"
"Kendal",79140,3,0.162340619307834,0.292984277878116,0.130643658570282,0.155191635447945,0.297687099067435,0.14249546361949,-0.0156694230009347,0.144142548741822,-0.0640660106507056,0.293699377413144,-0.048396587649771,0.149556828671322,0.109496308136693,0.215612298034021,0.106115989897328,"jsa"
"Workington",78561,2,0.154168593560051,0.227353602288812,0.0731850087287604,0.154529711109692,0.227778468574918,0.0732487574652261,0.0881908309361492,0.0958916860102512,0.151703561559064,0.166714074945858,0.0635127306229144,0.070822388935607,0.16141959134557,0.201780545133449,0.0403609537878786,"jsa"
"Grantham",76619,3,0.161563352182286,0.258771928314175,0.097208576131889,0.15672536075814,0.25683761640337,0.100112255645231,-0.100809786145133,0.167035803675875,-0.153908139985363,0.256359634396567,-0.0530983538402303,0.0893238307206925,0.179595424344186,0.260401130673095,0.0808057063289098,"jsa"
"Blandford Forum and Gillingham",75174,2,0.0653473450104975,0.116580298786181,0.051232953775683,0.000137396792068145,0.0881250343274562,0.0879876375353881,-0.0340238364933771,0.0491424170784462,-0.0608399242049771,0.147517850277366,-0.0268160877115999,0.0983754331989193,0.115802801809197,0.16890056022409,0.0530977584148928,"jsa"
"Haverfordwest and Milford Haven",74835,2,0.201127668827926,0.25621682662765,0.0550891577997241,0.196130423520607,0.208641801332895,0.0125113778122881,0.116330924255127,0.158520893232346,0.11836634446675,0.224979629638522,0.00203542021162306,0.0664587364061759,NA,NA,NA,"jsa"
"Street and Wells",71385,5,0.00673771813731427,0.17527303273271,0.168535314595395,0.098247607522616,0.0211390047383624,-0.0771086027842536,-0.117190601689462,0.106625121725093,-0.0650585299272066,0.19564339540775,0.0521320717622551,0.0890182736826564,0.199385084891681,0.2347217262956,0.0353366414039193,"jsa"
"Whitehaven",70603,3,0.126706785097277,0.0743472443529853,-0.0523595407442912,0.113974423467766,0.0661579662249103,-0.0478164572428561,0.0602388287413334,0.0638366358901301,0.0503789586461494,0.0359176541159876,-0.00985987009518396,-0.0279189817741425,0.181262220500514,0.181444667028487,0.000182446527972502,"jsa"
"Falmouth",70192,3,0.0944551739354136,0.120862309937216,0.0264071360018026,0.108641320134648,0.15702990916574,0.0483885890310916,0.0183794329118374,0.10473973459429,0.102795784643387,0.14944957527802,0.0844163517315497,0.0447098406837299,0.159001988537904,0.17047310214811,0.0114711136102059,"jsa"
"Corby",63153,1,0.175338337288828,0.1802735043977,0.00493516710887221,0.175338337288828,0.1802735043977,0.00493516710887221,0.0792924418630143,0.0997696893657896,0.0245655233544184,0.102166311349327,-0.0547269185085959,0.00239662198353763,0.0489326747180332,0.127879627342345,0.0789469526243121,"jsa"
"Oswestry",58939,1,0.133604969231403,0.235842292091633,0.10223732286023,0.133604969231403,0.235842292091633,0.10223732286023,0.0309836058190935,0.142964771157143,0.0784371509570807,0.24925563823162,0.0474535451379872,0.106290867074478,0.177476680033454,0.295266144252675,0.117789464219221,"jsa"
"Aberystwyth",58721,2,-0.0302698843561622,-0.0308224045744829,-0.000552520218320751,-0.028969683088123,-0.0290194069013321,-4.97238132091127e-05,-0.0789511644793581,0.0402462974965783,-0.0260395316599826,0.000836108842021233,0.0529116328193755,-0.039410188654557,NA,NA,NA,"jsa"
"Ludlow",57472,6,0.0603565170226972,0.175643472256853,0.115286955234156,0.0598996578771693,0.188039252218656,0.128139594341487,-0.0312051485313756,0.0630903704939918,0.0170844829617547,0.172699761352209,0.0482896314931303,0.109609390858218,0.0555897446595477,0.189417778849394,0.133828034189847,"jsa"
"Skipton",55409,4,0.118010434758855,0.22109675413442,0.103086319375565,0.115465526295315,0.2134592459657,0.0979937196703844,0.0724557439832818,0.196842596411518,0.189235202742578,0.259028866982328,0.116779458759297,0.0621862705708107,0.177164312451538,0.237027982182163,0.0598636697306247,"jsa"
"Penzance",54592,1,0.164781841589772,0.250590930693424,0.0858090891036518,0.164781841589772,0.250590930693424,0.0858090891036518,-0.0114684420961702,0.149819748306513,0.00525583084496795,0.189157677167119,0.0167242729411381,0.0393379288606059,0.151918762805087,0.155546588473713,0.00362782566862663,"jsa"
"Liskeard",52120,4,-0.0927222775525358,-0.0786645479058325,0.0140577296467033,NA,NA,NA,-0.0733004040170915,0.123071172209718,-0.0570183851227579,0.20720540931992,0.0162820188943336,0.0841342371102023,0.123804967927711,0.145354710163831,0.0215497422361199,"jsa"
"Bideford",51689,2,0.151571308091793,0.232040557310617,0.0804692492188241,0.151571308091793,0.232040557310617,0.0804692492188241,0.120667436045393,0.153323124269461,0.172292868430986,0.254012059018081,0.0516254323855936,0.10068893474862,0.20955405625342,0.275123693950079,0.0655696376966581,"jsa"
"Cromer and Sheringham",51606,2,0.0155436323325873,-0.0759461290721077,-0.091489761404695,NA,NA,NA,0.0623159890515428,0.00318344010003813,0.0484413022331189,0.0491340211441482,-0.0138746868184239,0.0459505810441101,0.036711540966305,0.118283269269609,0.0815717283033042,"jsa"
"Newtown and Welshpool",50972,2,0.0307782223593129,0.179302016968446,0.148523794609133,0.0287099188935755,0.176341029301703,0.147631110408128,-0.0600540503452009,0.17772852558892,-0.0472931437088899,0.286486607900938,0.012760906636311,0.108758082312018,NA,NA,NA,"jsa"
"Sidmouth",48843,4,-0.0804003316356745,-0.056809390572262,0.0235909410634125,-0.150419282245647,-0.0913940621618661,0.0590252200837806,-0.132356982115361,-0.0507497335070486,-0.0559784306257178,-0.0210978819417456,0.0763785514896433,0.029651851565303,-0.0267156224090979,-0.0277007516200758,-0.000985129210977931,"jsa"
"Penrith",48777,2,0.0835584225614365,0.202775353452823,0.119216930891387,0.0842550188478572,0.201481004640261,0.117225985792404,0.0929844222516536,0.152467615727339,0.151248991583982,0.262556111946729,0.0582645693323283,0.11008849621939,0.139498997348626,0.256774182899328,0.117275185550701,"jsa"
"Malton",48326,5,0.0277429121309645,-0.00760507865328464,-0.0353479907842491,NA,NA,NA,0.0567404023895506,0.107958671481343,0.0590560877836666,0.221487577569416,0.00231568539411597,0.113528906088073,0.10139027620029,0.235140684552119,0.13375040835183,"jsa"
"Bridlington",44811,1,0.241018685623988,0.297433146282406,0.0564144606584183,0.241018685623988,0.297433146282406,0.0564144606584183,-0.0975229166122595,0.258505502873424,-0.112966599070825,0.318585995143113,-0.0154436824585655,0.0600804922696891,0.246695206193385,0.249171861532245,0.00247665533886021,"jsa"
"Buxton",42938,2,0.174472764398807,0.229055056801029,0.0545822924022215,0.172495347921165,0.22298284692895,0.0504874990077848,0.0067375910607641,0.183992547618725,0.0128686675572176,0.205169218667157,0.0061310764964535,0.0211766710484316,0.165560807537501,0.184743530794686,0.0191827232571846,"jsa"
"Hexham",41978,6,-0.0240994297203763,-0.00342239535264177,0.0206770343677345,NA,NA,NA,-0.0312081615949023,0.033982412459471,0.000634062724108375,0.0757014302808816,0.0318422243190106,0.0417190178214106,0.0526156986402011,0.158168682806071,0.10555298416587,"jsa"
"Pembroke and Tenby",39414,2,0.209591907440668,0.265052112171736,0.0554602047310677,NA,NA,NA,0.20760183872072,0.232679108256921,0.31732593446494,0.29740343638049,0.10972409574422,0.0647243281235692,NA,NA,NA,"jsa"
"Cardigan",35307,3,-0.0381711479930722,-0.0542050114734911,-0.0160338634804189,NA,NA,NA,-0.0283823431572321,0.119093835516788,0.0245247025647171,0.171614675009907,0.0529070457219492,0.0525208394931198,NA,NA,NA,"jsa"
"Pwllheli and Porthmadog",34190,2,0.24117527634942,0.170081707709123,-0.0710935686402969,NA,NA,NA,-0.0886795174407284,0.0820149239632375,-0.101450009644442,0.0719847232045261,-0.0127704922037131,-0.0100302007587114,NA,NA,NA,"jsa"
"Kingsbridge and Dartmouth",32674,3,0.145686235006044,0.117116296090637,-0.0285699389154077,NA,NA,NA,0.17699454483464,0.0163538728574535,0.0578368476417159,0.046920555931159,-0.119157697192924,0.0305666830737055,0.0517101633450077,0.0849961744939423,0.0332860111489346,"jsa"
"Wadebridge",32265,2,-0.0457263815262055,0.0157093000457484,0.0614356815719539,NA,NA,NA,-0.0928455115454643,-0.0352346939178485,-0.0319581726684532,0.00434455264361855,0.060887338877011,0.0395792465614671,-0.120155492865784,0.0192946866217891,0.139450179487573,"jsa"
"Minehead",30525,2,0.0409735552066737,0.0199848379552652,-0.0209887172514085,0.0409735552066737,0.0199848379552652,-0.0209887172514085,0.026275854234691,0.0667833705678973,0.113905230203769,0.0650585035275402,0.0876293759690778,-0.00172486704035713,0.0447416736815223,0.126691904200283,0.0819502305187605,"jsa"
"Bude",29597,2,-0.0610404424875215,-0.0222336425443599,0.0388067999431616,NA,NA,NA,-0.0871975331765116,0.114515444630332,0.0225699505786388,0.106800188252899,0.10976748375515,-0.00771525637743231,0.0951328065725514,0.112558219597206,0.0174254130246547,"jsa"
"Llandrindod Wells and Builth Wells",29351,4,-0.0500861384468987,0.0534527563774425,0.103538894824341,NA,NA,NA,0.0818001706668294,0.204725200135247,0.152015593701303,0.167898039328033,0.0702154230344734,-0.0368271608072135,NA,NA,NA,"jsa"
"Bridport",28811,1,0.077547034223409,0.165763185775852,0.0882161515524427,0.077547034223409,0.165763185775852,0.0882161515524427,0.0284055911561616,0.0969280519564721,-0.0505225717540414,0.167320545195287,-0.078928162910203,0.0703924932388151,0.114109996866186,0.231805581002605,0.117695584136419,"jsa"
"Brecon",27780.428,5,0.0540411829105096,0.0483001905824141,-0.00574099232809555,NA,NA,NA,0.0357283479944135,0.142047423753662,0.0449047484691665,0.147723152813957,0.00917640047475299,0.0056757290602949,NA,NA,NA,"jsa"
"Launceston",26387,2,0.0281911650227826,0.079484929064499,0.0512937640417164,NA,NA,NA,-0.0453381692172794,0.0677638781258842,-0.0422309964508649,0.198105434480396,0.00310717276641448,0.130341556354511,0.0899470899470893,0.24137017347855,0.151423083531461,"jsa"
"Tywyn and Dolgellau",26114,5,0.0842171310564961,0.0500938929983565,-0.0341232380581395,NA,NA,NA,0.04981193592383,0.0956812943069636,-0.0424580862099608,0.0972943183837573,-0.0922700221337909,0.00161302407679376,NA,NA,NA,"jsa"
"Whitby",25094,2,0.23350479229662,0.277568923057361,0.0440641307607406,0.245200450777144,0.291522071092441,0.0463216203152967,-0.14672907624159,0.214665878178592,-0.168299652010983,0.22298226947377,-0.0215705757693936,0.00831639129517825,0.210604420740212,0.175392582232048,-0.0352118385081646,"jsa"
"London",8023279,36,0.0922759082347966,0.0410342799277714,-0.0512416283070252,0.146851619967947,0.0824109892773777,-0.0644406306905694,0.164365354889924,0.188895795839699,0.086583763870749,0.10701736343367,-0.0777815910191748,-0.0818784324060289,0.165429601207961,0.102103821153833,-0.0633257800541287,"inc"
"Manchester",2614413,11,0.150968565403673,0.112256928174361,-0.0387116372293121,0.188747296559427,0.111855912726469,-0.0768913838329581,0.177091430500923,0.246708708101892,0.103570532184449,0.167557781798678,-0.0735208983164739,-0.079150926303214,0.162995277974574,0.150463077426934,-0.0125322005476391,"inc"
"Birmingham",1704676.7,8,0.0516123838873455,-0.00711967724561191,-0.0587320611329574,0.310442830016711,0.223811827400709,-0.0866310026160022,0.239759406689188,0.307055659492221,0.158066189552017,0.20298526774809,-0.0816932171371718,-0.104070391744131,0.273578087105705,0.210822879046987,-0.0627552080587179,"inc"
"Slough and Heathrow",1596835,12,-0.0192780650637587,-0.0377462235856001,-0.0184681585218414,0.161548145426025,0.153792760464,-0.00775538496202444,0.108802872872275,0.149960466257653,0.0597455870907879,0.102438355058041,-0.0490572857814868,-0.047522111199612,0.058783543709751,0.0531191261433719,-0.00566441756637914,"inc"
"Newcastle",1042382,5,0.154120797364953,0.0941339560293102,-0.0599868413356432,0.137693143370001,0.0728061886336206,-0.0648869547363802,0.172435099408631,0.16117291194891,0.134420609883279,0.0924930136381761,-0.0380144895253522,-0.0686798983107337,0.141356368068074,0.105217365741026,-0.0361390023270474,"inc"
"Liverpool",982372,8,0.1214414708204,0.0783592034658511,-0.0430822673545492,0.231119345905626,0.15094604171253,-0.0801733041930959,0.105335011643291,0.24313696380483,0.0791571255615224,0.169076121346961,-0.0261778860817685,-0.0740608424578681,0.137192153824714,0.0990146175660698,-0.0381775362586438,"inc"
"Leicester",927641,6,0.295562426429598,0.22752836190736,-0.0680340645222373,0.308613493397246,0.240533392352972,-0.0680801010442735,0.15498585656718,0.332789718270647,0.133553062249405,0.255344091983204,-0.021432794317775,-0.0774456262874423,0.308764183122321,0.234295405015928,-0.0744687781063931,"inc"
"Sheffield",839300,4,0.182085232852927,0.118068342734375,-0.0640168901185518,0.102969577827224,0.0334434637400989,-0.0695261140871253,0.138391565704779,0.180434676764094,0.16098097591626,0.101589927425124,0.0225894102114808,-0.0788447493389697,0.141999745388631,0.0941892533457178,-0.0478104920429132,"inc"
"Bristol",808424,3,0.210572939407058,0.152244627908118,-0.0583283114989399,0.210369458042578,0.151935116305708,-0.05843434173687,0.1112717563297,0.18743557581962,0.117775271132956,0.111971322039153,0.00650351480325639,-0.0754642537804671,0.186288968139934,0.152487299840601,-0.0338016682993327,"inc"
"Warrington and Wigan",800714,6,0.184223031566205,0.179907703755248,-0.00431532781095711,0.00567736715362344,-0.00431376738640665,-0.00999113454003009,0.0540611904465891,0.177358248744213,0.068130061727885,0.160956340795934,0.014068871281296,-0.0164019079482784,0.132557598142228,0.171851620478662,0.0392940223364349,"inc"
"Nottingham",799421,4,0.180219498161676,0.0903234079213746,-0.0898960902403019,0.186881054780258,0.0974044340046589,-0.0894766207755993,0.0473004661785126,0.216761448311303,0.0837330698061862,0.128415639365159,0.0364326036276736,-0.0883458089461442,0.205600540565854,0.173084179966054,-0.0325163605998,"inc"
"Leeds",787579,5,0.300350051006149,0.227680034754343,-0.0726700162518057,0.33413388032767,0.257294477792101,-0.076839402535569,0.0983156780975207,0.317782775830636,0.106031587622283,0.247345295947866,0.00771590952476231,-0.07043747988277,0.243028638625219,0.196127542396653,-0.0469010962285665,"inc"
"Cardiff",766573,3,NA,NA,NA,NA,NA,NA,NA,NA,NA,NA,NA,NA,NA,NA,NA,"inc"
"Wolverhampton and Walsall",750961,10,0.23873939526419,0.200052524021203,-0.0386868712429873,0.183097939877399,0.158843901201351,-0.0242540386760481,0.224874499942729,0.315253809029485,0.221481156950574,0.272179214384863,-0.00339334299215466,-0.0430745946446223,0.232230015962074,0.188035992892196,-0.0441940230698776,"inc"
"Luton",708876,5,0.144130251861128,0.106060979983312,-0.0380692718778164,0.206847193119444,0.188617170989062,-0.0182300221303819,-0.103857215654472,0.227658768865069,-0.110933805215069,0.191028845937637,-0.00707658956059731,-0.0366299229274318,0.174950827747182,0.148512744998669,-0.0264380827485127,"inc"
"Cambridge",688137,4,0.115075377896233,0.0762659529144969,-0.0388094249817357,-0.0859676329971535,-0.111882786328096,-0.0259151533309421,0.0810015452991877,0.141749806044174,0.0613132941799108,0.102438534029687,-0.0196882511192769,-0.039311272014487,0.135593211735625,0.101498817654544,-0.0340943940810803,"inc"
"Southampton",671025,4,0.178236261067184,0.144472813715083,-0.0337634473521007,0.255122172806637,0.206822253434439,-0.048299919372198,0.0587885533023496,0.212688429011763,0.0571045501435492,0.165903242230002,-0.00168400315880035,-0.0467851867817615,0.217434147155899,0.220322440545004,0.00288829338910546,"inc"
"Guildford and Aldershot",640765,7,0.0806522691336227,0.116283316790259,0.0356310476566364,-0.00375235165478216,-0.0107402116362607,-0.00698785998147855,-0.0292850272818157,0.0922365113779335,-0.0013156714383058,0.121942217552885,0.0279693558435099,0.0297057061749513,0.171182061869416,0.154679849460962,-0.0165022124084544,"inc"
"Crawley",606462,9,0.099929301428773,0.115318256220434,0.0153889547916606,0.0945031746826999,0.118176082666082,0.0236729079833822,0.0288109688132181,0.103529213033795,0.0291920842621494,0.11491992772531,0.000381115448931268,0.0113907146915153,0.11168636570298,0.134477800165797,0.0227914344628175,"inc"
"Medway",602261,7,0.0585645363502039,0.0448923774366108,-0.0136721589135931,-0.10865317815913,-0.111515600441734,-0.00286242228260392,0.0314913931112102,0.129056450867495,0.0101653016581054,0.113509213409344,-0.0213260914531048,-0.0155472374581507,0.16795166777365,0.187846957264554,0.0198952894909041,"inc"
"Coventry",592354,4,0.101274708056707,0.0732274591365467,-0.02804724892016,0.168476627649738,0.135120051452503,-0.0333565761972352,0.010767879520273,0.203628945386555,0.0119902609918938,0.151863248477866,0.00122238147162079,-0.0517656969086886,0.164615387380479,0.16807904091857,0.00346365353809119,"inc"
"Southend",568702,4,0.190797510151839,0.154269155835806,-0.0365283543160331,0.047039916115807,0.0295924706806829,-0.0174474454351241,-0.068387607888738,0.247363955861658,-0.0407987644375538,0.195959990209275,0.0275888434511842,-0.0514039656523835,0.0986983094726526,0.0938162677830121,-0.00488204168964046,"inc"
"Portsmouth",547092,3,0.120274757270494,0.134634458225833,0.0143597009553389,0.139239542958848,0.14772663532878,0.00848709236993272,-0.0342409983155534,0.164709635865648,-0.00864928483230187,0.166204996176205,0.0255917134832515,0.00149536031055675,0.166667447511244,0.135207138246514,-0.0314603092647303,"inc"
"Oxford",544006,7,0.137468975155386,0.0806080073077169,-0.056860967847669,0.138972152009828,0.0817951392997571,-0.0571770127100706,0.168678932237228,0.154988499711223,0.12026237168206,0.122486491639819,-0.0484165605551681,-0.032502008071404,0.166179148161916,0.130261446988911,-0.0359177011730054,"inc"
"Reading",543117,4,0.226402435871876,0.199974461830408,-0.0264279740414679,0.179324179613886,0.158293565170538,-0.0210306144433474,-0.0973227752570267,0.27038077528897,-0.102872311239068,0.243234271931215,-0.00554953598204122,-0.0271465033577556,0.202656035269172,0.183010413511937,-0.0196456217572347,"inc"
"Dudley",538577,9,0.0262049833359157,0.0215809764758603,-0.00462400686005537,0.155582797320307,0.144470695337105,-0.0111121019832012,0.204208051438684,0.218930712022285,0.18922743922333,0.199988755684871,-0.0149806122153535,-0.0189419563374145,0.160238162692792,0.131365762451949,-0.0288724002408429,"inc"
"Stoke-on-Trent",529900,5,0.165150307072267,0.153840305700612,-0.0113100013716547,0.194714001353233,0.181930877116656,-0.0127831242365772,0.136307531632355,0.20321466953942,0.127917416130614,0.187922936420847,-0.00839011550174007,-0.0152917331185733,0.260125568766682,0.213228146748293,-0.0468974220183895,"inc"
"Bradford",528846,3,0.290639406993691,0.216118088004706,-0.0745213189889853,0.295743831066972,0.221521907057891,-0.0742219240090805,0.156271202765751,0.324275425831715,0.119307754918069,0.255506899289756,-0.0369634478476826,-0.0687685265419589,0.238138025230612,0.147513769187213,-0.0906242560433981,"inc"
"Hull",510860,4,0.242774613642084,0.234805165801205,-0.00796944784087827,0.235915421295914,0.229393201951709,-0.00652221934420538,0.206773440429743,0.228381418603249,0.206985100033748,0.199854680590661,0.000211659604005376,-0.0285267380125873,0.232019006591656,0.19682312000738,-0.0351958865842761,"inc"
"Middlesbrough and Stockton",481619,2,0.233255354240981,0.207019500390473,-0.0262358538505083,0.25196407885268,0.231026237806049,-0.0209378410466314,0.168116621821397,0.299338024623523,0.131631300436752,0.263806317491373,-0.0364853213846459,-0.0355317071321508,0.232900671334164,0.261224355867299,0.0283236845331345,"inc"
"Chelmsford",472002,7,-0.0523519327782367,-0.0326284942226778,0.0197234385555589,-0.0333063717697684,-0.0162895628987059,0.0170168088710625,-0.0793540033671292,0.0634490291371179,-0.0647857305174284,0.05877064635024,0.0145682728497007,-0.00467838278687793,0.117839564438754,0.112572741496734,-0.00526682294201919,"inc"
"Norwich",458432,2,0.158261287131495,0.128934293918945,-0.0293269932125497,0.158143369354448,0.128831276186645,-0.0293120931678033,0.100843844425953,0.189965323958361,0.102564030230653,0.17411515261351,0.00172018580470024,-0.0158501713448516,0.178428978403531,0.173125872629797,-0.00530310577373427,"inc"
"Derby",425870,5,0.318454113482076,0.267258257340515,-0.0511958561415611,0.320019774817695,0.269304663654992,-0.0507151111627024,0.102477132665413,0.391117769628636,0.0820168692867327,0.324811829932543,-0.0204602633786806,-0.0663059396960932,0.353675883524119,0.292089118472774,-0.0615867650513451,"inc"
"Preston",413611,6,0.179650976628963,0.130111754544416,-0.0495392220845474,0.196411728583428,0.142077869191056,-0.0543338593923721,0.0704628804376171,0.258762097860483,0.0605970502322322,0.209312803445755,-0.0098658302053849,-0.0494492944147282,0.303268542584036,0.218127827590408,-0.0851407149936279,"inc"
"Exeter",412026,3,0.0463851001618281,0.00926130442876172,-0.0371237957330663,0.0245682209363451,-0.0202767450697792,-0.0448449660061243,0.0307823349476166,0.132476624119519,-0.00771609209817825,0.0943237580234921,-0.0384984270457949,-0.0381528660960271,0.180543214754934,0.152928109480484,-0.0276151052744495,"inc"
"High Wycombe and Aylesbury",398556.9,6,0.231617442144099,0.192737874127957,-0.0388795680161422,0.0783922556439762,0.0290046089024969,-0.0493876467414793,-0.064372402747864,0.296143405128191,-0.0838802990469958,0.24373959832873,-0.0195078962991317,-0.052403806799461,0.247453171190443,0.171155424328219,-0.0762977468622239,"inc"
"Swansea",392995,1,NA,NA,NA,NA,NA,NA,NA,NA,NA,NA,NA,NA,NA,NA,NA,"inc"
"Sunderland",390020,4,-0.00499362652345781,-0.0204999151706176,-0.0155062886471597,0.0463387138274243,0.0237408433771833,-0.022597870450241,-0.0200945017832908,0.0566886974551863,-0.0339451466217042,0.0445299315565961,-0.0138506448384135,-0.0121587658985902,0.171993347427332,0.152675552570656,-0.0193177948566756,"inc"
"Huddersfield",372057,4,0.280930390685185,0.232768139469357,-0.0481622512158282,0.0353722699781684,0.0330808050945706,-0.00229146488359788,0.156571409111763,0.273162286962588,0.148243343555436,0.230308543453901,-0.00832806555632715,-0.0428537435086866,0.221602136864078,0.148546236232448,-0.0730559006316298,"inc"
"Swindon",369269,4,0.186468841555197,0.180279660643251,-0.00618918091194587,0.191355043431855,0.185202723273662,-0.00615232015819345,0.0612197972247515,0.204487125924061,0.0567692961929254,0.196154307824273,-0.00445050103182609,-0.00833281809978814,0.264800387043735,0.191912284940372,-0.0728881021033629,"inc"
"Ipswich",367864,3,0.167421583986808,0.153870219103609,-0.0135513648831989,0.167791944351023,0.15401980635643,-0.013772137994593,0.099841223446262,0.213903564485946,0.0925994930043288,0.199345954016323,-0.00724173044193321,-0.0145576104696232,0.2207432897399,0.189497470143138,-0.0312458195967622,"inc"
"Stevenage and Welwyn Garden City",360321,5,0.125327589619374,0.108087433297925,-0.0172401563214493,0.0942716257899434,0.0776006600311661,-0.0166709657587774,0.016884860654514,0.182543892309226,0.00331825400915875,0.146445654629915,-0.0135666066453553,-0.0360982376793118,0.187319155546021,0.16144992028363,-0.025869235262391,"inc"
"Milton Keynes",356186.1,4,0.215298135026302,0.177396455924281,-0.0379016791020206,0.219431286532867,0.179528460082366,-0.0399028264505006,0.0527615744187386,0.251776981562202,0.0298845566456691,0.211286779263673,-0.0228770177730695,-0.0404902022985283,0.242870961720612,0.212483999074436,-0.0303869626461761,"inc"
"Plymouth",348724,2,0.216359741940593,0.163875970575219,-0.0524837713653739,0.216291516243629,0.163733008895292,-0.052558507348337,-0.00322008035942645,0.218015950565359,-0.018061587309532,0.160201015364848,-0.0148415069501056,-0.0578149352005113,0.197963646041998,0.177790877290363,-0.0201727687516353,"inc"
"Bournemouth",342892,2,0.146827610861791,0.110699647198587,-0.0361279636632048,0.146675880036156,0.110624270449435,-0.0360516095867212,0.0949119615046499,0.163489208750178,0.0853135650860537,0.129254775354852,-0.00959839641859617,-0.0342344333953264,0.170988838641492,0.147143306744525,-0.023845531896967,"inc"
"Lincoln",342260,5,0.0757826378432469,0.0321587744591199,-0.043623863384127,0.080494649273831,0.0367335430275517,-0.0437611062462793,0.0217489633794372,0.207709612440482,-0.00961569435185083,0.156711081626199,-0.031364657731288,-0.0509985308142831,0.234580741749312,0.196896234712398,-0.0376845070369143,"inc"
"Birkenhead",339523,3,0.307893808841158,0.281487160366297,-0.0264066484748611,0.354974979229354,0.317270156438852,-0.0377048227905021,0.224623568545496,0.35090696478531,0.221930049727192,0.317740311187521,-0.0026935188183046,-0.0331666535977888,0.205879119711653,0.188493545988052,-0.0173855737236011,"inc"
"Peterborough",334504,2,0.331608542647984,0.268580204618999,-0.0630283380289853,0.332037101076949,0.268479474162575,-0.0635576269143741,0.123570451274517,0.328315918659641,0.134080229372756,0.265501276637949,0.0105097780982391,-0.0628146420216922,0.26682966328984,0.18763179604025,-0.0791978672495901,"inc"
"Wakefield and Castleford",333324,4,-0.0568955420621791,-0.0299960875540393,0.0268994545081398,-0.063357602664027,-0.0351669713235765,0.0281906313404505,-0.0878044403509222,0.0101467367507837,-0.0585445713918062,0.0140474127591261,0.0292598689591159,0.00390067600834243,0.165316180026366,0.163444958772516,-0.00187122125385031,"inc"
"Blackburn",331514,4,0.223974563703692,0.183561277664069,-0.0404132860396231,0.216737383096984,0.176336136652083,-0.0404012464449011,0.0269969639512624,0.323439016689534,0.0305517982835397,0.275550882696507,0.00355483433227732,-0.0478881339930268,0.317508197364575,0.293834975209251,-0.023673222155324,"inc"
"Brighton",331439,1,0.124781898846877,0.0295163608320763,-0.0952655380148002,0.124781898846877,0.0295163608320763,-0.0952655380148002,-0.0386013167779282,0.109357917269492,-0.0596271729217932,0.0129583192791785,-0.021025856143865,-0.0963995979903132,0.0697576323695159,0.0046872809950429,-0.065070351374473,"inc"
"York",330397,4,0.121077252824321,0.0559247104126968,-0.0651525424116244,0.121615305209872,0.0583748609353449,-0.0632404442745269,0.0614282596728657,0.197902278693292,0.00715377405896334,0.136871363874349,-0.0542744856139024,-0.061030914818943,0.193595184998301,0.150406000073573,-0.0431891849247279,"inc"
"Northampton",325042.5,2,0.181203231112463,0.149269827851199,-0.031933403261263,0.181037312472839,0.148701625094617,-0.0323356873782217,0.10933515106062,0.242064688922099,0.0940123088354596,0.191516038477019,-0.0153228422251601,-0.0505486504450801,0.248968593576222,0.215001168024941,-0.0339674255512818,"inc"
"Newport",315640,2,NA,NA,NA,NA,NA,NA,NA,NA,NA,NA,NA,NA,NA,NA,NA,"inc"
"Worcester and Kidderminster",309059,3,0.111370187891865,0.0877184956182049,-0.0236516922736598,-0.0162137000984899,-0.02976913942328,-0.0135554393247901,0.0534656563752662,0.165885371971527,0.0354424419962811,0.134142572442428,-0.0180232143789851,-0.0317427995290984,0.224413444705988,0.231802777452799,0.00738933274681131,"inc"
"Chester",303153,5,NA,NA,NA,NA,NA,NA,NA,NA,NA,NA,NA,NA,NA,NA,NA,"inc"
"Doncaster",302402,2,0.0356076510533825,0.0372056013975737,0.00159795034419119,0.02899529557709,0.0294591059372351,0.000463810360145089,0.0707131107665617,0.0906157249907693,0.0764070196679114,0.0758561326663028,0.00569390890134969,-0.0147595923244666,0.159026969976864,0.16258164906877,0.00355467909190565,"inc"
"Crewe",297573,4,0.149088778448828,0.134565152433282,-0.0145236260155457,0.0983056443682386,0.0707312269669984,-0.0275744174012402,-0.055748571575684,0.246794163367127,-0.0346623456429072,0.223299045142909,0.0210862259327769,-0.0234951182242185,0.197991890189641,0.224075131470059,0.0260832412804177,"inc"
"Mansfield",295098,5,0.0786558812234688,0.0857635499961589,0.00710766877269009,0.076333941300156,0.0668867509248798,-0.00944719037527619,0.0148354485064388,0.0823507282752587,0.0233187389080598,0.0822748192612721,0.00848329040162099,-7.59090139865748e-05,0.150103861878762,0.143673229211643,-0.00643063266711863,"inc"
"Tunbridge Wells",293097,8,0.0477182051992102,0.0197154497038099,-0.0280027554954003,0.0747812577731466,0.0445985154278787,-0.0301827423452679,-0.0209959311009484,0.0937158775157982,-0.00140530989521892,0.0598289601371249,0.0195906212057295,-0.0338869173786733,0.136351422168772,0.109445291265715,-0.0269061309030576,"inc"
"Blackpool",290735,3,0.202353740261174,0.251090187704264,0.0487364474430905,0.204220881451192,0.252841210700481,0.0486203292492888,-0.0931712278634578,0.231141034491088,-0.103519536521155,0.270081052933349,-0.0103483086576972,0.0389400184422612,0.237582021214592,0.2062599097343,-0.0313221114802928,"inc"
"Durham and Bishop Auckland",254861,4,-0.0751614666440474,-0.0825815908859511,-0.00742012424190364,-0.0688920894377674,-0.0769722810733455,-0.00808019163557816,-0.0730483229260699,-0.0375170421940823,-0.0840685478591041,-0.0374383107682803,-0.0110202249330342,7.87314258019478e-05,0.152316987993892,0.1655777098713,0.0132607218774083,"inc"
"Gloucester",250672,1,0.225220913251029,0.198349090073613,-0.0268718231774159,0.225220913251029,0.198349090073613,-0.0268718231774159,0.113665395003679,0.240325587288346,0.098555584716955,0.202070464716265,-0.0151098102867238,-0.0382551225720817,0.246064146946679,0.224338969273759,-0.0217251776729199,"inc"
"Barnsley",249887,4,0.00686077562562559,0.0140219214294461,0.00716114580382055,0.00670752797361018,0.0109338269702306,0.00422629899662041,0.0789727567986773,0.0581517696291769,0.0781186646023571,0.0648043480980149,-0.000854092196320266,0.00665257846883804,0.173953149063863,0.152776918429183,-0.0211762306346799,"inc"
"Trowbridge",244869,4,0.0951565559153877,0.0793730332719278,-0.0157835226434599,0.0182757501111865,0.0206990038540553,0.00242325374286878,0.0177574727126597,0.149799908579823,0.0118668892258214,0.146275675203974,-0.00589058348683835,-0.00352423337584895,0.176595308333809,0.168268434532671,-0.00832687380113839,"inc"
"Leamington Spa",242404,7,0.134080812509787,0.0607180862878778,-0.0733627262219088,0.134348850053065,0.0575208959580351,-0.0768279540950303,0.035772696983102,0.178775665733511,0.000363913174993513,0.111546315441082,-0.0354087838081085,-0.067229350292429,0.162227912489762,0.144171039735127,-0.0180568727546344,"inc"
"Eastbourne",240995,4,0.15779927212693,0.147960269072783,-0.00983900305414664,0.150668155828129,0.143529778395511,-0.00713837743261792,0.0113357203722018,0.165970589355624,0.00835985757363744,0.160441084946086,-0.00297586279856432,-0.00552950440953737,0.144235706795818,0.13900206052282,-0.00523364627299827,"inc"
"Basingstoke",238988,3,0.189621130637505,0.18572653318612,-0.0038945974513851,0.228170355480039,0.221549644775614,-0.00662071070442494,-0.130650402833837,0.262525211659252,-0.126482594057912,0.231704908441259,0.00416780877592515,-0.0308203032179932,0.253987565527027,0.209499348049725,-0.0444882174773014,"inc"
"Kettering and Wellingborough",236468.5,4,0.160676782971521,0.145949421573746,-0.0147273613977745,0.0532839890747354,0.0689327281166001,0.0156487390418647,0.0718269935688767,0.190221630369869,0.0805466687472176,0.175981352469989,0.00871967517834094,-0.01424027789988,0.180992638197807,0.13097639916213,-0.0500162390356778,"inc"
"Chichester and Bognor Regis",235055,4,0.143283028008319,0.136720471097902,-0.00656255691041707,0.108615954479873,0.104131558364102,-0.00448439611577101,-0.0118454089167059,0.142818283625388,-0.00627993426937223,0.134009212084493,0.0055654746473337,-0.00880907154089527,0.18257552998071,0.186702908238665,0.00412737825795517,"inc"
"Merthyr Tydfil",229254.572,5,NA,NA,NA,NA,NA,NA,NA,NA,NA,NA,NA,NA,NA,NA,NA,"inc"
"Bedford",223409,4,0.279938615899056,0.237490493972025,-0.0424481219270305,0.281627433759105,0.240159297689154,-0.0414681360699518,-0.0912291256076685,0.316854574003891,-0.073529172290641,0.259039553137491,0.0176999533170275,-0.0578150208663999,0.1796204534539,0.146622310051264,-0.0329981434026365,"inc"
"Chesterfield",223167,2,0.0993908174935783,0.0759747639622574,-0.0234160535313208,0.100300740004585,0.079439409930778,-0.0208613300738065,0.162452503931839,0.0859653443393356,0.145654119108386,0.067903552995574,-0.0167983848234527,-0.0180617913437615,0.158987444808744,0.120461457857452,-0.0385259869512922,"inc"
"Telford",214030,3,0.199516941420448,0.197798331728698,-0.00171860969174986,0.198892869041458,0.196428530240482,-0.00246433880097641,0.0670531262624365,0.187438521180091,0.0618163487472927,0.186172851681746,-0.00523677751514384,-0.00126566949834483,0.180520565030847,0.17553885478835,-0.00498171024249672,"inc"
"Colchester",212641,2,0.150565519972844,0.144053122830783,-0.00651239714206042,0.150608532015113,0.144085182346913,-0.00652334966819978,-0.101035669020725,0.150124271694132,-0.0893620784776203,0.134467186062444,0.0116735905431042,-0.0156570856316876,0.171984840198611,0.161551688118529,-0.0104331520800827,"inc"
"Halifax",203826,4,0.176186627494097,0.167049809892632,-0.00913681760146545,0.177243472603486,0.167792253326333,-0.0094512192771532,0.00215606932452772,0.172930891767749,0.00283000505344688,0.17644662123795,0.000673935728919162,0.00351572947020173,0.23155738052175,0.221970391964945,-0.00958698855680495,"inc"
"Poole",202986,2,0.0980785624903007,0.110152091970576,0.0120735294802756,0.097248923984921,0.110886249336424,0.0136373253515032,0.0762978438304884,0.135967837838116,0.0420248394581506,0.136363370528379,-0.0342730043723378,0.000395532690262712,0.189285392842478,0.148690707794373,-0.0405946850481058,"inc"
"Canterbury",192472,5,0.0498515902540504,0.0273402491405363,-0.022511341113514,-0.0262391060605225,-0.06276996528117,-0.0365308592206475,-0.0391641087474142,0.0503927465766196,-0.0327044974686785,0.0292486591964334,0.00645961127873562,-0.0211440873801862,0.137045568634221,0.128229338841599,-0.00881622979262175,"inc"
"Grimsby",187068,3,0.281879551354905,0.29139114536288,0.00951159400797508,0.282071511846006,0.29165859988322,0.00958708803721464,0.0652204604331388,0.313154976429523,0.0501836971613159,0.311585255254151,-0.0150367632718229,-0.0015697211753718,0.284168417909079,0.269545799111143,-0.0146226187979366,"inc"
"Burton upon Trent",182799,5,0.204633587059803,0.180804285956896,-0.0238293011029072,0.186651391599874,0.151508675422789,-0.0351427161770843,-0.0176145275216584,0.175946224551915,0.0163419124203159,0.154966612990791,0.0339564399419743,-0.020979611561124,0.250607914173877,0.20915732969295,-0.041450584480927,"inc"
"Margate and Ramsgate",181756,3,0.225010360696643,0.23767371250144,0.0126633518047967,0.176006246043031,0.188340142704462,0.0123338966614313,-0.0716486797192957,0.222727613072841,-0.0518504803383806,0.224483522878437,0.0197981993809151,0.00175590980559548,0.163532552560966,0.15802095481498,-0.00551159774598631,"inc"
"Cheltenham",179099,2,0.0941304721987848,0.0531938510284391,-0.0409366211703457,0.0941304721987848,0.0531938510284391,-0.0409366211703457,0.129426064302365,0.113277561924896,0.116807707509231,0.0932785638422402,-0.0126183567931335,-0.0199989980826558,0.237496763853493,0.204116700421103,-0.0333800634323893,"inc"
"Worthing",179017,3,0.124700935663185,0.0904822328954324,-0.0342187027677525,0.127659061011528,0.0961181813218772,-0.0315408796896506,0.0332678463911833,0.168367998313357,0.0310628587159059,0.132021750042682,-0.00220498767527744,-0.0363462482706751,0.147657374640033,0.12744202321646,-0.0202153514235732,"inc"
"Yeovil",177769,4,0.0614871250206832,0.0405755424208891,-0.0209115825997941,0.0633754799755835,0.0411936471396572,-0.0221818328359262,-0.0160879339341236,0.125141698180649,-0.0261207627860998,0.113332413754186,-0.0100328288519762,-0.0118092844264623,0.216786533751879,0.205170164542757,-0.011616369209122,"inc"
"Burnley",176511,1,0.119635763668896,0.148303057427093,0.0286672937581969,0.119635763668896,0.148303057427093,0.0286672937581969,0.0632820136408654,0.227653867553393,0.0943443608126842,0.246560053910223,0.0310623471718188,0.0189061863568298,0.223917197031192,0.224534529093631,0.000617332062439857,"inc"
"Llanelli",174186,2,NA,NA,NA,NA,NA,NA,NA,NA,NA,NA,NA,NA,NA,NA,NA,"inc"
"Hastings",173759,1,0.230910319954475,0.201595092022103,-0.0293152279323721,0.230910319954475,0.201595092022103,-0.0293152279323721,-0.156672409489602,0.24181245050891,-0.114565510941986,0.196885011319218,0.0421068985476154,-0.0449274391896921,0.300432242186133,0.27301706243091,-0.0274151797552236,"inc"
"Blyth and Ashington",171410,3,0.150216353811402,0.200173853744282,0.04995749993288,0.14486470571785,0.173650450364889,0.0287857446470383,0.0781290813724809,0.110570929534575,0.0965364529073582,0.14731759310402,0.0184073715348774,0.0367466635694456,0.196951475447513,0.220428458055785,0.0234769826082726,"inc"
"Scunthorpe",168721,3,0.217574508244816,0.189418479482761,-0.028156028762055,0.204089465414157,0.172618491125583,-0.0314709742885739,-0.0135758315068912,0.227233221087268,-0.00590221029849403,0.195944824465883,0.00767362120839721,-0.0312883966213846,0.261654906811557,0.223875479934456,-0.0377794268771012,"inc"
"Bath",168465,2,0.0587752334311418,-0.0246592830357599,-0.0834345164669017,0.058800921049631,-0.0245444164043107,-0.0833453374539417,0.0570325278162187,0.0854126354364055,0.0208221886322306,0.0119924291212712,-0.0362103391839881,-0.0734202063151344,0.191766947221936,0.12435999689059,-0.0674069503313461,"inc"
"Huntingdon",166331,6,0.0911008767806294,0.0367137206098533,-0.0543871561707761,0.0142479741404173,-0.0234843455683986,-0.037732319708816,0.00633252895161007,0.179075376768807,-0.0183177664771748,0.111709001612837,-0.0246502954287848,-0.0673663751559701,0.162347372398813,0.120252420464766,-0.0420949519340468,"inc"
"Bridgend",161169,5,NA,NA,NA,NA,NA,NA,NA,NA,NA,NA,NA,NA,NA,NA,NA,"inc"
"Folkestone and Dover",160157,3,0.183687017707975,0.184106505001566,0.000419487293591203,0.0748188383354389,0.077259834089034,0.00244099575359513,-0.0278800618748534,0.217109479171988,-0.0490654380996887,0.202017918960891,-0.0211853762248353,-0.015091560211097,0.227105963275783,0.200545203473588,-0.0265607598021944,"inc"
"Hereford",158759,2,0.0905800003119026,0.037452734997629,-0.0531272653142736,0.102271242632028,0.0502906322741481,-0.0519806103578802,0.01632411231936,0.145043947298362,-0.017155943700665,0.116038274164403,-0.033480056020025,-0.029005673133959,0.173333687221181,0.171342364598331,-0.00199132262284962,"inc"
"Stafford",157430,4,0.162156456921672,0.120507725160877,-0.0416487317607945,0.0920896504443292,0.0477527393371417,-0.0443369111071874,-0.023311901418392,0.18943133623484,0.00584291622299915,0.145192382691889,0.0291548176413912,-0.0442389535429513,0.233371471516982,0.206739346817592,-0.0266321246993897,"inc"
"Harrogate",157078,2,0.107628114257089,0.0750690831615302,-0.032559031095559,0.107723442973359,0.0752439821718411,-0.0324794608015182,-0.0349204107376764,0.180838179081249,-0.0410507524273598,0.153876811938204,-0.00613034168968341,-0.0269613671430449,0.222210345096016,0.202484451930701,-0.0197258931653153,"inc"
"Torquay and Paignton",155709,2,0.130746514184509,0.133847547706857,0.00310103352234847,0.0391333645151519,0.0529389045728195,0.0138055400576675,0.0171696365004124,0.182246039069234,0.014319603463548,0.190639872681835,-0.00285003303686437,0.00839383361260104,0.174198055616529,0.142286543760349,-0.0319115118561797,"inc"
"Shrewsbury",154767,5,0.0277349510118441,0.0124303956890657,-0.0153045553227784,0.0177176760321132,0.00182358118590642,-0.0158940948462067,0.0323159190019844,0.0930207003008476,0.029372229209514,0.0855359020129924,-0.00294368979247039,-0.0074847982878552,0.176300373957581,0.174234517518087,-0.00206585643949353,"inc"
"Weston-super-Mare",154518,2,0.291894508869532,0.298687255199447,0.00679274632991422,0.292187451531966,0.299318486353123,0.00713103482115685,-0.17176219900341,0.319468634617962,-0.180700651933808,0.301798667085819,-0.00893845293039774,-0.017669967532143,0.240235597143169,0.261614817323341,0.0213792201801724,"inc"
"King's Lynn",154515,4,0.154430414470514,0.120106077842209,-0.0343243366283055,0.154501997865225,0.1191062567841,-0.0353957410811248,0.0806761864870431,0.177277695484086,0.0498252851702468,0.136434118514302,-0.0308509013167964,-0.0408435769697846,0.112727874536855,0.110247392842854,-0.0024804816940005,"inc"
"Wrexham",146580,1,NA,NA,NA,NA,NA,NA,NA,NA,NA,NA,NA,NA,NA,NA,NA,"inc"
"Salisbury",141720,6,0.115024291400484,0.101490776739318,-0.0135335146611659,0.114281843800811,0.105317714485764,-0.00896412931504642,0.0104993753937919,0.115485790004932,-0.00837025382849177,0.0886029921628655,-0.0188696292222836,-0.0268827978420667,0.167089851796881,0.13769704733539,-0.0293928044614908,"inc"
"Rhyl",140913,7,NA,NA,NA,NA,NA,NA,NA,NA,NA,NA,NA,NA,NA,NA,NA,"inc"
"Lancaster and Morecambe",138375,2,0.280990877577281,0.249825875982616,-0.0311650015946654,0.0868020994217673,0.0763236838862156,-0.0104784155355517,-0.19213832169487,0.157219083166311,-0.139375500638344,0.117892228095982,0.0527628210565254,-0.0393268550703283,0.25241464145379,0.220251977622841,-0.0321626638309489,"inc"
"Isle of Wight",138265,5,0.0936784413195539,0.113797093589305,0.0201186522697512,0.044652932811875,0.0691996742795205,0.0245467414676455,-0.000155899249786984,0.0935648593312308,0.0238226434050475,0.0987507930320106,0.0239785426548345,0.0051859337007798,0.17634558040875,0.176074907991755,-0.00027067241699541,"inc"
"Bury St Edmunds",137029,5,0.178505351106395,0.133808579546837,-0.0446967715595576,-0.0511332102807707,-0.0683938419087546,-0.017260631627984,-0.13188678749464,0.131018057865582,-0.131145774647347,0.0840647770839276,0.000741012847292666,-0.0469532807816542,0.192613880424556,0.133801498159723,-0.0588123822648328,"inc"
"Bangor and Holyhead",131321,2,NA,NA,NA,NA,NA,NA,NA,NA,NA,NA,NA,NA,NA,NA,NA,"inc"
"St Austell and Newquay",130688,5,0.111786570091102,0.124379150247268,0.0125925801561664,-0.00785071426758321,0.00626618806228763,0.0141169023298708,-0.0514756095361442,0.102011778144057,-0.0407036640957372,0.0965657523735999,0.0107719454404069,-0.00544602577045694,0.158066982097115,0.158060998974655,-5.98312245969623e-06,"inc"
"Redruth and Truro",127106,6,0.113119959093844,0.108754230882393,-0.0043657282114502,0.166211757235505,0.162805638850866,-0.003406118384639,-0.0616852280814513,0.122686227062143,-0.0682869458057134,0.11009701868436,-0.0066017177242621,-0.0125892083777828,0.152891107028257,0.171629199909535,0.0187380928812786,"inc"
"Newbury",127037,5,0.113343567262326,0.105115650043736,-0.00822791721859062,0.146094291577189,0.111674819747147,-0.0344194718300415,-0.0376609647493069,0.166180113873594,-0.0202783452166742,0.143738740905466,0.0173826195326328,-0.0224413729681281,0.150346620915155,0.116849859494089,-0.0334967614210662,"inc"
"Lowestoft",125290,2,0.255036588990944,0.264205212086377,0.00916862309543376,0.256376153197643,0.264220587750362,0.00784443455271955,0.141370665101288,0.266688366381093,0.13617853061357,0.281057289942876,-0.00519213448771794,0.0143689235617828,0.254474450157737,0.215209733761348,-0.0392647163963886,"inc"
"Dorchester and Weymouth",121481,3,0.172452568907985,0.169344804627631,-0.00310776428035453,0.172323851478037,0.169061547326773,-0.00326230415126361,0.00548011999198295,0.151694341394617,-0.0286713849359117,0.127229937959463,-0.0341515049278946,-0.0244644034351538,0.16463845504439,0.150941411256309,-0.0136970437880812,"inc"
"Taunton",120160,2,0.124055180591416,0.126636803198064,0.00258162260664818,0.124479471085944,0.126893513441274,0.00241404235532983,0.126778576581266,0.174677575887777,0.13808404142835,0.168787873354646,0.0113054648470836,-0.00588970253313192,0.251282631367971,0.239319741609592,-0.0119628897583794,"inc"
"Ashford",117956,2,0.156015038460172,0.167432481243225,0.0114174427830527,0.155922216177331,0.167128848225115,0.0112066320477844,-0.0867991645795456,0.14724238785892,-0.0748257392808114,0.169463678509885,0.0119734252987342,0.0222212906509647,0.222234896258584,0.200251330677681,-0.0219835655809035,"inc"
"Worksop and Retford",117152,4,0.0945421136712561,0.0845000539025982,-0.0100420597686579,0.107363191593745,0.103692363906106,-0.00367082768763893,0.0948348253685296,0.109802507018649,0.0864471950015364,0.085564055443232,-0.00838763036699319,-0.0242384515754175,0.261440071913679,0.228867117055309,-0.0325729548583702,"inc"
"Darlington",114403,1,0.191855026292135,0.214500106070545,0.0226450797784103,0.191855026292135,0.214500106070545,0.0226450797784103,0.0802154168622522,0.167628292053141,0.0967489798393295,0.202578250829131,0.0165335629770773,0.0349499587759894,0.151030399130622,0.168837467127716,0.0178070679970936,"inc"
"Clacton",113552,3,0.139792592788446,0.152989532141337,0.0131969393528912,0.133097865634685,0.14633727077987,0.0132394051451854,-0.112617509646743,0.135772680970081,-0.118511090814639,0.129540139133869,-0.0058935811678964,-0.00623254183621214,0.0914591895996892,0.103379705923938,0.0119205163242491,"inc"
"Thetford and Mildenhall",113136,5,0.14802887591205,0.0903964426335691,-0.0576324332784814,0.134281105625625,0.0979579955298497,-0.0363231100957755,-0.0163892549640217,0.132330471696196,-0.0256106619822063,0.126284720032203,-0.00922140701818464,-0.00604575166399357,0.239663582985493,0.175500580226419,-0.0641630027590736,"inc"
"Banbury",112265,3,0.265829497484106,0.265701090759631,-0.000128406724474672,0.260981572623372,0.256019736686326,-0.00496183593704558,-0.130153503491691,0.246813741487742,-0.128673917697686,0.25201786028402,0.00147958579400509,0.00520411879627858,0.239955653814125,0.233199068502696,-0.00675658531142886,"inc"
"Northallerton",110133,4,0.0421498960914057,0.0567373081267029,0.0145874120352971,0.0766969410488052,0.0870896019420648,0.0103926608932596,0.00963248558614893,0.0664156314637943,-0.015590828426987,0.0847085184587719,-0.0252233140131359,0.0182928869949777,0.185655329359008,0.165014631819517,-0.0206406975394913,"inc"
"Great Yarmouth",101804,3,0.303008848031659,0.292620156357426,-0.0103886916742333,0.327244204978459,0.30792669991601,-0.0193175050624497,-0.0212168702106759,0.338383283333119,-0.0381206577615636,0.309337911378382,-0.0169037875508877,-0.0290453719547372,0.302874503124585,0.305994299256234,0.00311979613164937,"inc"
"Skegness and Louth",99944,3,0.0317407630127846,0.040429699063651,0.0086889360508664,0.0822037679791485,0.129650875399193,0.0474471074200444,-0.0571522663058737,0.0770854462341575,-0.104048232276302,0.0675188891600413,-0.0468959659704282,-0.00956655707411613,0.125861118430912,0.156006060768842,0.0301449423379303,"inc"
"Bridgwater",97896,2,0.195611089226144,0.177395627644604,-0.0182154615815406,0.180238239277703,0.163674921391589,-0.0165633178861135,0.0229451073546372,0.243715550346739,0.0310130284274486,0.225431808526782,0.0080679210728114,-0.0182837418199568,0.279569360552603,0.254794699418969,-0.0247746611336339,"inc"
"Hartlepool",96965,1,0.183040384931001,0.181122807473088,-0.00191757745791321,0.183040384931001,0.181122807473088,-0.00191757745791321,-0.000876593912774837,0.140266208983395,-0.00407767577089402,0.164992682708004,-0.00320108185811918,0.0247264737246091,0.161005262587974,0.207457090861183,0.0464518282732094,"inc"
"Barnstaple",93667,3,0.0840485355512293,0.0405345734604694,-0.0435139620907599,0.0835142911271163,0.0403716409002328,-0.0431426502268835,0.0132397395592925,0.209350939921485,-0.0144532064751637,0.165226972772984,-0.0276929460344562,-0.0441239671485008,0.238795669506718,0.218773747910731,-0.0200219215959869,"inc"
"Barrow-in-Furness",93605,2,0.294152187075724,0.310248549004431,0.0160963619287067,0.294317997559329,0.310241317518109,0.0159233199587803,-0.0609189570191369,0.298935425419764,-0.120971877895766,0.308911478638482,-0.0600529208766289,0.00997605321871831,0.253193309440235,0.206279123074733,-0.0469141863655018,"inc"
"Cinderford and Ross-on-Wye",93223,4,NA,NA,NA,NA,NA,NA,NA,NA,NA,NA,NA,NA,NA,NA,NA,"inc"
"Colwyn Bay",92867,3,NA,NA,NA,NA,NA,NA,NA,NA,NA,NA,NA,NA,NA,NA,NA,"inc"
"Spalding",88270,3,-0.0437481771195838,-0.0597135869061063,-0.0159654097865225,-0.0570453227268821,-0.0826814096287194,-0.0256360869018373,-0.0268793313754205,-0.0217989344286345,-0.0482006595350644,-0.0207465463667127,-0.0213213281596438,0.00105238806192176,0.0276478354287146,0.024421634934594,-0.00322620049412059,"inc"
"Evesham",85311,4,0.105100936937813,0.126310579054202,0.0212096421163892,0.112728206611372,0.131768367448863,0.0190401608374913,0.033026250901603,0.148064711480032,0.0586902322541256,0.133652830382513,0.0256639813525226,-0.0144118810975193,0.18658184316639,0.188423946670408,0.0018421035040177,"inc"
"Wisbech",84900,2,0.0381559666072988,0.042873282085008,0.00471731547770915,0.160704663559819,0.107064286637542,-0.053640376922278,-0.00378580046387889,0.042429098872713,-0.00105995314638996,0.0472074163662839,0.00272584731748893,0.00477831749357094,0.0858160235381256,0.0641198412359572,-0.0216961823021684,"inc"
"Scarborough",83699,2,0.155490911713265,0.155509222576523,1.83108632576534e-05,0.154902680116816,0.155077990131133,0.000175310014316921,0.0103002807296591,0.163668072274387,0.0175725860098694,0.168009284700528,0.00727230528021039,0.00434121242614083,0.250212731629762,0.210544926351123,-0.0396678052786399,"inc"
"Andover",81066,2,0.14736380546681,0.162553999726946,0.0151901942601356,0.147919824233181,0.162861635711728,0.0149418114785469,-0.0268088950292125,0.174880188815013,-0.0282214069771065,0.154064695299276,-0.00141251194789405,-0.0208154935157374,0.236955638833724,0.181651817458366,-0.0553038213753574,"inc"
"Boston",79959,1,0.13986627786185,0.0594764056536157,-0.0803898722082348,0.13986627786185,0.0594764056536157,-0.0803898722082348,0.0534227632327902,0.106262205704954,0.03951835881176,0.0380105164451141,-0.0139044044210301,-0.0682516892598404,0.120337022268769,0.0771733688940905,-0.0431636533746786,"inc"
"Kendal",79140,3,0.143228760090341,0.120555425316983,-0.0226733347733585,0.133571311081916,0.107600992116488,-0.0259703189654275,-0.0385226047524831,0.168035297556568,-0.0162688628432743,0.141120731182806,0.0222537419092088,-0.0269145663737618,0.16676791760394,0.189969846275666,0.0232019286717264,"inc"
"Workington",78561,2,0.173624270935939,0.177521387043804,0.00389711610786492,0.174054483376523,0.178860672583639,0.00480618920711606,0.120523033680723,0.150451116446813,0.109561327867045,0.144759377613155,-0.0109617058136777,-0.00569173883365792,0.20704567814391,0.180549616427555,-0.0264960617163545,"inc"
"Grantham",76619,3,0.185567205148581,0.187820083903951,0.00225287875536928,0.181892609046624,0.189145567258048,0.00725295821142424,-0.130312676542369,0.19006730981048,-0.125923053528682,0.184901815400082,0.00438962301368662,-0.00516549441039871,0.258412308514052,0.265186028766127,0.00677372025207568,"inc"
"Blandford Forum and Gillingham",75174,2,0.0187240192875322,0.0602545938991224,0.0415305746115902,0.0046798015381242,0.0259756955557133,0.0212958940175891,-0.00847645485828963,0.0013537597361406,-0.0406810458784648,0.0916717642182352,-0.0322045910201751,0.0903180044820946,0.136745751849686,0.158893128366685,0.0221473765169993,"inc"
"Haverfordwest and Milford Haven",74835,2,NA,NA,NA,NA,NA,NA,NA,NA,NA,NA,NA,NA,NA,NA,NA,"inc"
"Street and Wells",71385,5,0.0592326184792409,0.0546495567843941,-0.00458306169484679,0.0515710431232197,0.064541688309367,0.0129706451861473,-0.0935909526589054,0.128704976689685,-0.113536620197735,0.158536729140989,-0.0199456675388294,0.0298317524513045,0.168113356139237,0.186066118792645,0.0179527626534082,"inc"
"Whitehaven",70603,3,0.0964482035366885,0.0844303150721863,-0.0120178884645021,0.0795470939549574,0.068657718403518,-0.0108893755514394,0.0441741249760099,0.0325479517958769,0.0390332826546818,0.0317407376882493,-0.00514084232132817,-0.00080721410762763,0.222379805231586,0.216119377283675,-0.00626042794791104,"inc"
"Falmouth",70192,3,0.0603934376939925,0.060138675995363,-0.00025476169862948,0.0941844308865676,0.0353968244229783,-0.0587876064635893,0.0759072094551581,0.0922317595707227,0.0251906945275504,0.0488653992345007,-0.0507165149276076,-0.043366360336222,0.153302483512059,0.130669934433648,-0.0226325490784109,"inc"
"Corby",63153,1,0.205007215862228,0.221404867939329,0.0163976520771012,0.205007215862228,0.221404867939329,0.0163976520771012,0.0672336995496128,0.125414778460355,-0.0173095239703631,0.136058031082069,-0.0845432235199759,0.0106432526217137,0.0902170177119199,0.146740896855194,0.0565238791432741,"inc"
"Oswestry",58939,1,NA,NA,NA,NA,NA,NA,NA,NA,NA,NA,NA,NA,NA,NA,NA,"inc"
"Aberystwyth",58721,2,NA,NA,NA,NA,NA,NA,NA,NA,NA,NA,NA,NA,NA,NA,NA,"inc"
"Ludlow",57472,6,0.0999365412834834,0.102013906437042,0.00207736515355883,0.0954040192076029,0.104147166290177,0.00874314708257451,-0.0367147705902973,0.1555568443403,-0.00609736632917368,0.153716005090661,0.0306174042611236,-0.00184083924963829,0.202613572624401,0.209517977577475,0.00690440495307421,"inc"
"Skipton",55409,4,0.109965293376399,0.136795512226946,0.0268302188505469,0.0961274364327096,0.130135763370669,0.0340083269379594,0.118932654921396,0.165629274066369,0.124815925599647,0.179479641177867,0.00588327067825034,0.0138503671114982,0.161251272395594,0.186337293160335,0.025086020764741,"inc"
"Penzance",54592,1,0.145274041532168,0.178815699226083,0.0335416576939149,0.145274041532168,0.178815699226083,0.0335416576939149,0.00608820717432046,0.143074456308817,-0.00828006159344774,0.159917667853218,-0.0143682687677682,0.0168432115444013,0.14252978961375,0.162578742932025,0.0200489533182751,"inc"
"Liskeard",52120,4,-0.109691275410626,-0.112363604146152,-0.00267232873552636,NA,NA,NA,-0.095837830873112,0.136051969622015,-0.102955622748894,0.142212140715269,-0.00711779187578188,0.00616017109325462,0.132236701055115,0.131384729681539,-0.000851971373576177,"inc"
"Bideford",51689,2,0.164380341493612,0.17781074741205,0.013430405918438,0.164380341493612,0.17781074741205,0.013430405918438,0.152096344757043,0.168507283544628,0.15881621021328,0.184103368975828,0.00671986545623682,0.0155960854312003,0.231425270532016,0.242692968552186,0.0112676980201698,"inc"
"Cromer and Sheringham",51606,2,-0.0579324156167758,-0.0509884540278041,0.0069439615889717,NA,NA,NA,0.0160702378145299,0.0492783931169285,0.00293141389926888,0.0697861636187955,-0.013138823915261,0.020507770501867,0.0731904961097118,0.08757780163989,0.0143873055301782,"inc"
"Newtown and Welshpool",50972,2,NA,NA,NA,NA,NA,NA,NA,NA,NA,NA,NA,NA,NA,NA,NA,"inc"
"Sidmouth",48843,4,-0.0982476907933876,-0.0528976959031606,0.045349994890227,-0.0660994930080374,-0.0542232076438598,0.0118762853641776,-0.109805101866545,0.02096698896875,-0.0752476278745213,0.079771712552537,0.0345574739920238,0.058804723583787,0.0861558324143488,0.131880148043003,0.0457243156286538,"inc"
"Penrith",48777,2,0.113349020848087,0.0706719912139935,-0.0426770296340937,0.112229975016717,0.0686695999617122,-0.0435603750550051,0.103869918396688,0.219410683689057,0.0288473048278295,0.127990662022228,-0.0750226135688585,-0.0914200216668295,0.205947474493584,0.168297085046328,-0.037650389447256,"inc"
"Malton",48326,5,0.0148888311579842,-0.0322032647826784,-0.0470920959406627,NA,NA,NA,0.0309042959007986,0.0809862582422252,-0.0136132654471854,0.101649278057929,-0.044517561347984,0.0206630198157036,0.131677365242727,0.135792025147392,0.00411465990466553,"inc"
"Bridlington",44811,1,0.20754194552153,0.225269297496132,0.0177273519746013,0.20754194552153,0.225269297496132,0.0177273519746013,0.0438769642015036,0.229701803471348,0.00409870030970083,0.244191909740326,-0.0397782638918027,0.014490106268978,0.174353877416227,0.133873738912405,-0.0404801385038223,"inc"
"Buxton",42938,2,0.170129345048705,0.171943083452216,0.00181373840351107,0.167691156862077,0.173179472505405,0.00548831564332808,-0.0193751659576726,0.163012957643561,-0.0205735525889033,0.163080090348657,-0.00119838663123062,6.71327050962844e-05,0.133431375751421,0.160593009637413,0.0271616338859921,"inc"
"Hexham",41978,6,-0.0184536248815608,-0.033993442237044,-0.0155398173554833,NA,NA,NA,-0.0300227895528451,0.0597907109410478,-0.0290763488073473,0.0476187097955965,0.000946440745497767,-0.0121720011454514,0.104136214025489,0.155677328896434,0.051541114870945,"inc"
"Pembroke and Tenby",39414,2,NA,NA,NA,NA,NA,NA,NA,NA,NA,NA,NA,NA,NA,NA,NA,"inc"
"Cardigan",35307,3,NA,NA,NA,NA,NA,NA,NA,NA,NA,NA,NA,NA,NA,NA,NA,"inc"
"Pwllheli and Porthmadog",34190,2,NA,NA,NA,NA,NA,NA,NA,NA,NA,NA,NA,NA,NA,NA,NA,"inc"
"Kingsbridge and Dartmouth",32674,3,0.00384663526446705,0.00743214153353833,0.00358550626907128,NA,NA,NA,-0.00703816907205201,0.077577750183436,0.0103572089176405,0.0819830497089855,0.0173953779896925,0.00440529952554947,0.107171623769948,0.0996238677908536,-0.00754775597909418,"inc"
"Wadebridge",32265,2,-0.0606193816527565,-0.0584190606178714,0.0022003210348851,NA,NA,NA,-0.0623973410567462,0.0465675097709735,-0.0557877339668158,0.0588135114817758,0.00660960708993041,0.0122460017108024,0.0529178069521601,0.118688286959741,0.0657704800075809,"inc"
"Minehead",30525,2,-0.0016269063162806,-0.0311673864904094,-0.0295404801741288,-0.0016269063162806,-0.0311673864904094,-0.0295404801741288,0.0840999423329443,0.0580284957274637,0.0797165474150638,0.00871375342300063,-0.00438339491788042,-0.0493147423044631,0.0852527291984613,0.0474626892434449,-0.0377900399550164,"inc"
"Bude",29597,2,-0.0587055014675331,-0.061399181824779,-0.00269368035724593,NA,NA,NA,-0.0275004686446794,0.0898153373776367,0.00413212934350771,0.116667316754686,0.0316325979881871,0.0268519793770494,0.0919551213446272,0.148781454736715,0.0568263333920873,"inc"
"Llandrindod Wells and Builth Wells",29351,4,NA,NA,NA,NA,NA,NA,NA,NA,NA,NA,NA,NA,NA,NA,NA,"inc"
"Bridport",28811,1,0.152122907322004,0.141338291858102,-0.0107846154639013,0.152122907322004,0.141338291858102,-0.0107846154639013,-0.0257580390918584,0.155229006759697,-0.00939119909742736,0.151295754113764,0.016366839994431,-0.00393325264593347,0.1639706545543,0.176780473751909,0.0128098191976092,"inc"
"Brecon",27780.428,5,NA,NA,NA,NA,NA,NA,NA,NA,NA,NA,NA,NA,NA,NA,NA,"inc"
"Launceston",26387,2,0.000703080267602019,-0.0212690259428374,-0.0219721062104394,NA,NA,NA,-0.054488297318267,0.141602785442798,-0.0694774026370117,0.0781709228496039,-0.0149891053187448,-0.0634318625931938,0.118760116855255,0.137995025533908,0.0192349086786523,"inc"
"Tywyn and Dolgellau",26114,5,NA,NA,NA,NA,NA,NA,NA,NA,NA,NA,NA,NA,NA,NA,NA,"inc"
"Whitby",25094,2,0.165385197531669,0.154955716845778,-0.0104294806858913,0.172880861305122,0.161165830013822,-0.0117150312912999,-0.0587480656432104,0.161538608750526,-0.0818626534262794,0.147475537287185,-0.023114587783069,-0.0140630714633403,0.180472623332079,0.140938640324913,-0.0395339830071659,"inc"
